id,stateid,parid,negeri,parlimen,nama_calon,jenis_pekerjaan,parti,jantina,status,no_calon,jumlah_undian,majoriti,ut,total
1069,9,1,PERLIS,PADANG BESAR,RUSHDAN BIN RUSMI,AHLI PERNIAGAAN,PN,L,MENANG,1,24267,12514,694,60099
969,9,1,PERLIS,PADANG BESAR,KO CHU LIANG,,WARISAN,L,HILANG DEPOSIT,2,244,12514,694,60099
1113,9,1,PERLIS,PADANG BESAR,ZAHIDI BIN ZAINUL ABIDIN,,BEBAS,L,HILANG DEPOSIT,3,1939,12514,694,60099
259,9,1,PERLIS,PADANG BESAR,ZAHIDA BINTI ZARIK KHAN,,BN,P,KALAH,4,11753,12514,694,60099
118,9,1,PERLIS,PADANG BESAR,KAPT (B) HJ MOHAMAD YAHAYA,SENDIRI,PH,L,KALAH,5,7085,12514,694,60099
449,9,2,PERLIS,KANGAR,CIKGU ZAKRI,,PN,L,MENANG,1,24562,9192,660,74872
847,9,2,PERLIS,KANGAR,DR FATHUL BARI,,BN,L,KALAH,2,15370,9192,660,74872
1309,9,2,PERLIS,KANGAR,PROF. DR. ROHIMI SHAPIEE,PESARA,WARISAN,L,HILANG DEPOSIT,3,417,9192,660,74872
1332,9,2,PERLIS,KANGAR,AMIN AHMAD,,PH,L,KALAH,4,15143,9192,660,74872
1312,9,2,PERLIS,KANGAR,USTAZ NUR SULAIMAN,EKSEKUTIF KANAN YAYASAN PERDANA DIALOG,PEJUANG,L,HILANG DEPOSIT,5,708,9192,660,74872
447,9,3,PERLIS,ARAU,FATHIN AMELINA,,PH,P,KALAH,1,7089,23216,727,60908
1091,9,3,PERLIS,ARAU,SHAHIDAN BIN KASSIM,,PN,L,MENANG,2,31458,23216,727,60908
741,9,3,PERLIS,ARAU,ROZABIL @ TOK BEN,AHLI PERNIAGAAN,BN,L,KALAH,3,8242,23216,727,60908
213,2,4,KEDAH,LANGKAWI,DATO PADUKA ABD KADIR,,BEBAS,L,HILANG DEPOSIT,1,89,13518,508,66636
294,2,4,KEDAH,LANGKAWI,MOHD SUHAIMI BIN ABDULLAH,,PN,L,MENANG,2,25463,13518,508,66636
15,2,4,KEDAH,LANGKAWI,MAHATHIR BIN MOHAMAD,PESARA ,PEJUANG,L,HILANG DEPOSIT,3,4566,13518,508,66636
125,2,4,KEDAH,LANGKAWI,DATO' ARMISHAH SIRAJ (DAS),,BN,L,KALAH,4,11945,13518,508,66636
248,2,4,KEDAH,LANGKAWI,ZABIDI YAHYA,,PH,L,HILANG DEPOSIT,5,5417,13518,508,66636
437,2,5,KEDAH,JERLUN,DR. ABD GHANI AHMAD,,PN,L,MENANG,1,31685,20456,617,67651
159,2,5,KEDAH,JERLUN,DATO' SERI UTAMA MUKHRIZ MAHATHIR,,PEJUANG,L,HILANG DEPOSIT,2,3144,20456,617,67651
625,2,5,KEDAH,JERLUN,DR. MOHAMED FADZIL MOHD ALI,,PH,L,HILANG DEPOSIT,3,6149,20456,617,67651
349,2,5,KEDAH,JERLUN,OTHMAN BIN AZIZ,,BN,L,KALAH,4,11229,20456,617,67651
535,2,6,KEDAH,KUBANG PASU,DATO' WIRA DR KU ABD RAHMAN BIN KU ISMAIL,,PN,L,MENANG,1,47584,31584,837,108073
238,2,6,KEDAH,KUBANG PASU,AIZUDDIN ARIFFIN,,PH,L,KALAH,2,16000,31584,837,108073
838,2,6,KEDAH,KUBANG PASU,AMIRUDDIN HAMZAH (TOK MET),,PEJUANG,L,HILANG DEPOSIT,3,5329,31584,837,108073
161,2,6,KEDAH,KUBANG PASU,HASMUNI BIN HASSAN (TOK MUNI),,BN,L,KALAH,4,14489,31584,837,108073
302,2,7,KEDAH,PADANG TERAP,RAZALI BIN LEBAI SALLEH,,PEJUANG,L,HILANG DEPOSIT,1,452,10959,632,59799
477,2,7,KEDAH,PADANG TERAP,MAHDZIR BIN KHALID,,BN,L,KALAH,2,17258,10959,632,59799
201,2,7,KEDAH,PADANG TERAP,MUAZ ABDULLAH,,PH,L,HILANG DEPOSIT,3,2702,10959,632,59799
75,2,7,KEDAH,PADANG TERAP,USTAZ NURUL AMIN,,PN,L,MENANG,4,28217,10959,632,59799
286,2,8,KEDAH,POKOK SENA,NORAINI BINTI MD SALLEH,,WARISAN,P,HILANG DEPOSIT,1,622,31751,823,114677
233,2,8,KEDAH,POKOK SENA,DATO' AHMAD YAHAYA,,PN,L,MENANG,2,52275,31751,823,114677
564,2,8,KEDAH,POKOK SENA,NORAN ZAMINI BIN JAMALUDDIN,,BN,L,KALAH,3,14523,31751,823,114677
407,2,8,KEDAH,POKOK SENA,DATO' WIRA HJ MAHFUZ OMAR,,PH,L,KALAH,4,20524,31751,823,114677
123,2,9,KEDAH,ALOR SETAR,NUHAIRI RAHMAT,,PEJUANG,L,HILANG DEPOSIT,1,2383,9931,774,106031
178,2,9,KEDAH,ALOR SETAR,AFNAN HAMIMI BIN DATO' HAJI TAIB AZAMUDDEN,,PN,L,MENANG,2,37486,9931,774,106031
334,2,9,KEDAH,ALOR SETAR,FADZIL BIN HANAFI,,WARISAN,L,HILANG DEPOSIT,3,366,9931,774,106031
601,2,9,KEDAH,ALOR SETAR,SIMON OOI TZE MIN,,PH,L,KALAH,4,27555,9931,774,106031
484,2,9,KEDAH,ALOR SETAR,DATO' DR NORDIN YUNUS,,BEBAS,L,HILANG DEPOSIT,5,115,9931,774,106031
800,2,9,KEDAH,ALOR SETAR,SOFAN FEROZA,,BEBAS,L,HILANG DEPOSIT,6,151,9931,774,106031
524,2,9,KEDAH,ALOR SETAR,TAN CHEE HIONG,,BN,L,HILANG DEPOSIT,7,8930,9931,774,106031
672,2,10,KEDAH,KUALA KEDAH,DR AZMAN ISMAIL,DOKTOR PERUBATAN SWASTA,PH,L,KALAH,1,28237,28061,811,132532
726,2,10,KEDAH,KUALA KEDAH,PAK TUAN AL IDRUS,SENDIRI,WARISAN,L,HILANG DEPOSIT,2,256,28061,811,132532
448,2,10,KEDAH,KUALA KEDAH,ULYA HUSAMUDIN ,AHLI PERNIAGAAN,PEJUANG,L,HILANG DEPOSIT,3,1805,28061,811,132532
110,2,10,KEDAH,KUALA KEDAH,DR. AHMAD FAKHRUDDIN,BEKERJA SENDIRI,PN,L,MENANG,4,56298,28061,811,132532
220,2,10,KEDAH,KUALA KEDAH,DATO DR MASHITAH BINTI IBRAHIM,,BN,P,KALAH,5,13879,28061,811,132532
353,2,11,KEDAH,PENDANG,DATUK HAJI AWANG SOLAHUDIN,,PN,L,MENANG,1,49008,31289,650,94603
550,2,11,KEDAH,PENDANG,DATO ZUL,USAHAWAN,PH,L,HILANG DEPOSIT,2,8058,31289,650,94603
622,2,11,KEDAH,PENDANG,RASHID YOB,PESAWAH,PEJUANG,L,HILANG DEPOSIT,3,809,31289,650,94603
285,2,11,KEDAH,PENDANG,SURAYA BINTI YAACOB,AHLI DEWAN UNDANGAN NEGERI SUNGAI TIANG,BN,P,KALAH,4,17719,31289,650,94603
615,2,12,KEDAH,JERAI,ZULHAZMI BIN SHARIFF,PEGUAM,PH,L,KALAH,1,15590,33192,837,104985
328,2,12,KEDAH,JERAI,DATO SERI DR. JAMIL KHIR BAHAROM,,BN,L,KALAH,2,16269,33192,837,104985
471,2,12,KEDAH,JERAI,USTAZ SABRI BIN AZIT,,PN,L,MENANG,3,49461,33192,837,104985
245,2,12,KEDAH,JERAI,DATUK NIZAM MAHSHAR,PERUNDING,PEJUANG,L,HILANG DEPOSIT,4,973,33192,837,104985
546,2,13,KEDAH,SIK,MAIZA,AHLI PERNIAGAAN,BN,P,KALAH,1,12819,21787,416,63151
100,2,13,KEDAH,SIK,DATO' LATIFAH,PESARA KERAJAAN,PH,P,HILANG DEPOSIT,2,3736,21787,416,63151
382,2,13,KEDAH,SIK,AHMAD TARMIZI SULAIMAN,,PN,L,MENANG,3,34606,21787,416,63151
80,2,14,KEDAH,MERBOK,KHAIRUL ANUAR,,WARISAN,L,HILANG DEPOSIT,1,525,21019,1027,131932
737,2,14,KEDAH,MERBOK,DATO' SHAIFUL HAZIZY,AHLI PERNIAGAAN,BN,L,KALAH,2,16691,21019,1027,131932
165,2,14,KEDAH,MERBOK,NURIN AINA,PESARA,PH,P,KALAH,3,31554,21019,1027,131932
666,2,14,KEDAH,MERBOK,MOHD NAZRI,USAHAWAN,PN,L,MENANG,4,52573,21019,1027,131932
496,2,14,KEDAH,MERBOK,DATUK MOSIN RAZAK,AHLI PERNIAGAAN,PEJUANG,L,HILANG DEPOSIT,5,1201,21019,1027,131932
1155,2,15,KEDAH,SUNGAI PETANI,DR. TAUFIQ BIN DATO' JOHARI,AHLI PERNIAGAAN,PH,L,MENANG,1,50580,1115,1187,168666
400,2,15,KEDAH,SUNGAI PETANI,TAN JOON LONG @ TAN CHOW KANG,BEKERJA SENDIRI,PRM,L,HILANG DEPOSIT,2,226,1115,1187,168666
1167,2,15,KEDAH,SUNGAI PETANI,HJ. MARZUKI YAHYA,AHLI PERNIAGAAN,PEJUANG,L,HILANG DEPOSIT,3,2342,1115,1187,168666
783,2,15,KEDAH,SUNGAI PETANI,DR. ROBERT LING,AHLI MAJLIS MESYUARAT KERAJAAN NEGERI,PN,L,KALAH,4,49465,1115,1187,168666
619,2,15,KEDAH,SUNGAI PETANI,DATO' SHAHANIM BINTI MOHAMAD YUSOFF,,BN,P,KALAH,5,27391,1115,1187,168666
215,2,16,KEDAH,BALING,CIKGU JOHARI ABDULLAH,PESARA ADUN,PH,L,HILANG DEPOSIT,1,8636,29137,1141,132160
419,2,16,KEDAH,BALING,LT KOL (B) BASIR,,PEJUANG,L,HILANG DEPOSIT,2,579,29137,1141,132160
539,2,16,KEDAH,BALING,DATUK AZEEZ RAHIM,AHLI PERNIAGAAN,BN,L,KALAH,3,35356,29137,1141,132160
588,2,16,KEDAH,BALING,USTAZ HASSAN,PESARA GURU,PN,L,MENANG,4,64493,29137,1141,132160
318,2,18,KEDAH,KULIM-BANDAR BAHARU,DATUK SERI SAIFUDDIN NASUTION ISMAIL,AHLI POLITIK SEPENUH MASA,PH,L,KALAH,1,21408,13061,938,90193
837,2,18,KEDAH,KULIM-BANDAR BAHARU,CIKGU ROSLAN HASHIM,PESARA,PN,L,MENANG,2,34469,13061,938,90193
779,2,18,KEDAH,KULIM-BANDAR BAHARU,RIZAL,AHLI PERNIAGAAN,PEJUANG,L,HILANG DEPOSIT,3,591,13061,938,90193
861,2,18,KEDAH,KULIM-BANDAR BAHARU,DATUK MUHAR BIN HUSSAIN,BERNIAGA,BN,L,KALAH,4,13872,13061,938,90193
145,3,19,KELANTAN,TUMPAT,KHAIRUL AZUAN,AHLI PERNIAGAAN,WARISAN,L,HILANG DEPOSIT,1,245,34793,1233,149201
6,3,19,KELANTAN,TUMPAT,DATO' KAK TAZ,,PAS,P,MENANG,2,65426,34793,1233,149201
37,3,19,KELANTAN,TUMPAT,ASRI ALI,PENIAGA,PUTRA,L,HILANG DEPOSIT,3,593,34793,1233,149201
251,3,19,KELANTAN,TUMPAT,HAJI WAN JO,,PH,L,HILANG DEPOSIT,4,7762,34793,1233,149201
405,3,19,KELANTAN,TUMPAT,DATO' CHE LAH (DCL),AHLI POLITIK,BN,L,KALAH,5,30633,34793,1233,149201
903,3,20,KELANTAN,PENGKALAN CHEPA,ABE WAE - REDZUAN,BERNIAGA,BEBAS,L,HILANG DEPOSIT,1,451,38270,630,106685
815,3,20,KELANTAN,PENGKALAN CHEPA,KAK JAH,USAHAWAN,PH,P,HILANG DEPOSIT,2,7356,38270,630,106685
939,3,20,KELANTAN,PENGKALAN CHEPA,WAN AHMAD NASRI,,PEJUANG,L,HILANG DEPOSIT,3,358,38270,630,106685
623,3,20,KELANTAN,PENGKALAN CHEPA,DATUK MARZUK,TIMBALAN MENTERI (SEMENTARA),PAS,L,MENANG,4,53933,38270,630,106685
747,3,20,KELANTAN,PENGKALAN CHEPA,DR. HAFIZ,,BN,L,KALAH,5,15663,38270,630,106685
818,3,21,KELANTAN,KOTA BHARU,DATUK SERI TAKIYUDDIN,MENTERI (SEMENTARA),PAS,L,MENANG,1,41869,22613,721,115501
923,3,21,KELANTAN,KOTA BHARU,DR HAFIDZAH,BEKERJA SENDIRI,PH,P,KALAH,2,19256,22613,721,115501
758,3,21,KELANTAN,KOTA BHARU,HJ. ROSMADI ISMAIL,BERNIAGA,BN,L,KALAH,3,16168,22613,721,115501
959,3,21,KELANTAN,KOTA BHARU,ANDY TAN @ AWANG,AHLI PERNIAGAAN,PRM,L,HILANG DEPOSIT,4,107,22613,721,115501
888,3,21,KELANTAN,KOTA BHARU,PROF. DATO DR CHE MUSA CHE OMAR,PENASIHAT AKADEMIK,PUTRA,L,HILANG DEPOSIT,5,528,22613,721,115501
989,3,21,KELANTAN,KOTA BHARU,IZAT BUKHARY,,BEBAS,L,HILANG DEPOSIT,6,91,22613,721,115501
431,3,22,KELANTAN,PASIR MAS,DATUK HUSAM,,PH,L,HILANG DEPOSIT,1,6439,30717,819,94511
187,3,22,KELANTAN,PASIR MAS,USTAZ FADHLI SHAARI,,PAS,L,MENANG,2,44444,30717,819,94511
92,3,22,KELANTAN,PASIR MAS,DATO GHANI,PESARA,BN,L,KALAH,3,13727,30717,819,94511
360,3,22,KELANTAN,PASIR MAS,NASRUL ALI HASAN,PERUNDING,PUTRA,L,HILANG DEPOSIT,4,543,30717,819,94511
39,3,23,KELANTAN,RANTAU PANJANG,DATO' DR. IBRAHIM ALI,PESARA,PUTRA,L,HILANG DEPOSIT,1,1216,20636,668,93235
599,3,23,KELANTAN,RANTAU PANJANG,KAK LAH,TIMBALAN MENTERI (SEMENTARA),PAS,P,MENANG,2,37759,20636,668,93235
421,3,23,KELANTAN,RANTAU PANJANG,DATUK ZAIN,,PRM,L,HILANG DEPOSIT,3,173,20636,668,93235
197,3,23,KELANTAN,RANTAU PANJANG,PROF UST ZUL,PESARA,BN,L,KALAH,4,17123,20636,668,93235
513,3,23,KELANTAN,RANTAU PANJANG,DR SHAH,,PH,L,HILANG DEPOSIT,5,4256,20636,668,93235
255,3,24,KELANTAN,KUBANG KERIAN,DR.WAN AHMAD KAMIL,PESARA,PH,L,KALAH,1,10236,40847,775,113502
138,3,24,KELANTAN,KUBANG KERIAN,RIZAL,,PEJUANG,L,HILANG DEPOSIT,2,687,40847,775,113502
82,3,24,KELANTAN,KUBANG KERIAN,KAK LONG,BERNIAGA,BN,P,KALAH,3,14807,40847,775,113502
682,3,24,KELANTAN,KUBANG KERIAN,USTAZ DATO' TUAN IBRAHIM,MENTERI (SEMENTARA),PAS,L,MENANG,4,55654,40847,775,113502
813,3,25,KELANTAN,BACHOK,SYAHIR SULAIMAN,,PAS,L,MENANG,1,57130,29901,1539,123142
870,3,25,KELANTAN,BACHOK,NOR AZMIZA MAMAT,PENGUSAHA TADIKA,PH,P,HILANG DEPOSIT,2,4366,29901,1539,123142
186,3,25,KELANTAN,BACHOK,HAJI ZU,,BEBAS,L,HILANG DEPOSIT,3,418,29901,1539,123142
340,3,25,KELANTAN,BACHOK,CIKGU ZAM,PENIAGA,PUTRA,L,HILANG DEPOSIT,4,274,29901,1539,123142
115,3,25,KELANTAN,BACHOK,DATUK HAJI ZAIN,BERNIAGA,BN,L,KALAH,5,27229,29901,1539,123142
664,3,26,KELANTAN,KETEREH,HAJI RAHIMI,PESARA,PH,L,HILANG DEPOSIT,1,4662,23107,900,85283
749,3,26,KELANTAN,KETEREH,MARZUANI ARDILA ARIFFIN (GEE),,BN,P,KALAH,2,17435,23107,900,85283
608,3,26,KELANTAN,KETEREH,MEJ JEN DATO HJ KHLIR (B),,PAS,L,MENANG,3,40542,23107,900,85283
528,3,26,KELANTAN,KETEREH,HANEEF IBRAHIM (ABE HANEEF),PENGURUS CAWANGAN MYANGKASA AMANAH BERHAD KOTA BHARU,PUTRA,L,HILANG DEPOSIT,4,223,23107,900,85283
911,3,27,KELANTAN,TANAH MERAH,CIKGU BAKRI,AHLI DEWAN UNDANGAN NEGERI GUAL IPOH,BN,L,KALAH,1,9781,44485,624,98589
809,3,27,KELANTAN,TANAH MERAH,DATO' D,,PH,L,HILANG DEPOSIT,2,5357,44485,624,98589
873,3,27,KELANTAN,TANAH MERAH,LAWYER NASIR ABDULLAH,PEGUAM,PUTRA,L,HILANG DEPOSIT,3,168,44485,624,98589
649,3,27,KELANTAN,TANAH MERAH,DATUK NIK SAPEIA,,BEBAS,L,HILANG DEPOSIT,4,114,44485,624,98589
740,3,27,KELANTAN,TANAH MERAH,DATO' SRI IKMAL HISHAM,TIMBALAN MENTERI ( SEMENTARA),PAS,L,MENANG,5,54266,44485,624,98589
463,3,28,KELANTAN,PASIR PUTEH,KAPTEN WAN MARZUDI,,PEJUANG,L,HILANG DEPOSIT,1,349,29109,1013,113013
557,3,28,KELANTAN,PASIR PUTEH,DATUK CIKGU AWI,,BN,L,KALAH,2,23828,29109,1013,113013
362,3,28,KELANTAN,PASIR PUTEH,USTAZ MUHAMMAD HUSAIN,,PH,L,HILANG DEPOSIT,3,3864,29109,1013,113013
49,3,28,KELANTAN,PASIR PUTEH,USTAZ NIK ZAWAWI,BERNIAGA,PAS,L,MENANG,4,52937,29109,1013,113013
506,3,29,KELANTAN,MACHANG,DATUK JAZLAN,AHLI PERNIAGAAN,BN,L,KALAH,1,25449,10154,733,88778
617,3,29,KELANTAN,MACHANG,MEJAR (B) MAT,PESARA KERAJAAN,PUTRA,L,HILANG DEPOSIT,2,128,10154,733,88778
261,3,29,KELANTAN,MACHANG,WAN AHMAD FAYHSAL,,PAS,L,MENANG,3,35603,10154,733,88778
392,3,29,KELANTAN,MACHANG,DR ROSLI,DOKTOR,PH,L,HILANG DEPOSIT,4,3934,10154,733,88778
777,3,30,KELANTAN,JELI,PROFESSOR DR IR HJ MAT,PERUNDING KEJURUTERAAN,PUTRA,L,HILANG DEPOSIT,1,133,12464,635,59894
158,3,30,KELANTAN,JELI,POK ZAHARI,,PAS,L,MENANG,2,27072,12464,635,59894
834,3,30,KELANTAN,JELI,NORWAHIDA PATUAN,BEKERJA SENDIRI,BN,P,KALAH,3,14608,12464,635,59894
696,3,30,KELANTAN,JELI,MD RADZI,,PH,L,HILANG DEPOSIT,4,1140,12464,635,59894
193,3,31,KELANTAN,KUALA KRAI,USTAZ LATIFF,,PAS,L,MENANG,1,42740,25188,796,92323
393,3,31,KELANTAN,KUALA KRAI,ZUKI,BERNIAGA,BN,L,KALAH,2,17552,25188,796,92323
490,3,31,KELANTAN,KUALA KRAI,NORASHIKIN,,PEJUANG,P,HILANG DEPOSIT,3,241,25188,796,92323
317,3,31,KELANTAN,KUALA KRAI,SYAM GHAZ,PENIAGA,PH,L,HILANG DEPOSIT,4,4148,25188,796,92323
580,3,32,KELANTAN,GUA MUSANG,TENGKU RAZALEIGH HAMZAH,,BN,L,KALAH,1,21663,163,743,70098
703,3,32,KELANTAN,GUA MUSANG,MOHD AZIZI ABU NAIM,AHLI PERNIAGAAN,PAS,L,MENANG,2,21826,163,743,70098
645,3,32,KELANTAN,GUA MUSANG,DATO' DR. ADABI,,PEJUANG,L,HILANG DEPOSIT,3,371,163,743,70098
766,3,32,KELANTAN,GUA MUSANG,ABE YO,,PH,L,HILANG DEPOSIT,4,4517,163,743,70098
368,11,33,TERENGGANU,BESUT,DATUK ABE ZUL,PEGUAM,PAS,L,MENANG,1,49569,18666,877,111391
531,11,33,TERENGGANU,BESUT,DATO' Ir. WAN NAZARI,BEKERJA SENDIRI,PEJUANG,L,HILANG DEPOSIT,2,553,18666,877,111391
163,11,33,TERENGGANU,BESUT,USTAZ AZIZ,,PH,L,HILANG DEPOSIT,3,4339,18666,877,111391
263,11,33,TERENGGANU,BESUT,DATUK HAJI NAWI MOHAMAD,,BN,L,KALAH,4,30903,18666,877,111391
336,11,34,TERENGGANU,SETIU,ABDUL RAHMAN BIN MAT YASIN,,BN,L,KALAH,1,31736,19032,1044,107142
210,11,34,TERENGGANU,SETIU,USTAZ ZUKIRNAIN ABD KADIR,,PAS,L,MENANG,2,50768,19032,1044,107142
446,11,34,TERENGGANU,SETIU,MOHAMAD BIN NGAH,,PH,L,HILANG DEPOSIT,3,2125,19032,1044,107142
52,11,34,TERENGGANU,SETIU,WAN ADNAN,BERNIAGA,PEJUANG,L,HILANG DEPOSIT,4,203,19032,1044,107142
33,11,35,TERENGGANU,KUALA NERUS,DATO' DR. HAJI ALIAS RAZAK,YANG BERHORMAT AHLI MAJLIS MESYUARAT KERAJAAN,PAS,L,MENANG,1,56697,29765,736,105582
189,11,35,TERENGGANU,KUALA NERUS,UST. DATO' DR. KHAIRUDDIN TAKIRI,,BN,L,KALAH,2,26932,29765,736,105582
321,11,35,TERENGGANU,KUALA NERUS,AZAHA,,PEJUANG,L,HILANG DEPOSIT,3,291,29765,736,105582
425,11,35,TERENGGANU,KUALA NERUS,DATO' SERI SUHAIMI HASHIM,PENGARAH SYARIKAT,PH,L,HILANG DEPOSIT,4,3708,29765,736,105582
231,11,36,TERENGGANU,KUALA TERENGGANU,MOHAMAD ABU BAKAR BIN MUDA,,PEJUANG,L,HILANG DEPOSIT,1,481,40907,767,123325
341,11,36,TERENGGANU,KUALA TERENGGANU,DATO' CIKGU ZUBIR,,BN,L,KALAH,2,22109,40907,767,123325
53,11,36,TERENGGANU,KUALA TERENGGANU,DATO' RAJA BAHRIN,ARKITEK,PH,L,HILANG DEPOSIT,3,10946,40907,767,123325
131,11,36,TERENGGANU,KUALA TERENGGANU,DATUK HAJI AMZAD HASHIM,,PAS,L,MENANG,4,63016,40907,767,123325
414,11,37,TERENGGANU,MARANG,TUAN GURU HAJI ABDUL HADI AWANG,,PAS,L,MENANG,1,73115,41729,948,131507
8,11,37,TERENGGANU,MARANG,JASMIRA OTHMAN,PEGUAM SYARIE,BN,L,KALAH,2,31386,41729,948,131507
133,11,37,TERENGGANU,MARANG,DR.ZARAWI BIN SULONG,USAHAWAN,PEJUANG,L,HILANG DEPOSIT,3,427,41729,948,131507
288,11,37,TERENGGANU,MARANG,USTAZ AZHAR,,PH,L,HILANG DEPOSIT,4,4140,41729,948,131507
366,11,38,TERENGGANU,HULU TERENGGANU,CIKGU ROZI,AHLI DEWAN UNDANGAN NEGERI TERENGGANU KAWASAN TELEMONG,BN,L,KALAH,1,27176,15734,793,87838
88,11,38,TERENGGANU,HULU TERENGGANU,KHADRI,,PEJUANG,L,HILANG DEPOSIT,2,182,15734,793,87838
30,11,38,TERENGGANU,HULU TERENGGANU,DATO ROSOL WAHID,,PAS,L,MENANG,3,42910,15734,793,87838
230,11,38,TERENGGANU,HULU TERENGGANU,CIKGU ALIAS ISMAIL,PESARA,PH,L,HILANG DEPOSIT,4,1740,15734,793,87838
585,11,39,TERENGGANU,DUNGUN,PEGUAM GHAZALI,PEGUAM,BEBAS,L,HILANG DEPOSIT,1,305,34105,736,115381
761,11,39,TERENGGANU,DUNGUN,NORAISAH BINTI HASAN,,PEJUANG,P,HILANG DEPOSIT,2,322,34105,736,115381
282,11,39,TERENGGANU,DUNGUN,DATO' DR MOHD JOHARI,DOKTOR PAKAR MATA,PH,L,HILANG DEPOSIT,3,5307,34105,736,115381
656,11,39,TERENGGANU,DUNGUN,USTAZ SHAM,,BN,L,KALAH,4,25615,34105,736,115381
424,11,39,TERENGGANU,DUNGUN,USTAZ HAJI WAN HASSAN,,PAS,L,MENANG,5,59720,34105,736,115381
332,11,40,TERENGGANU,KEMAMAN,ROSLI,,PEJUANG,L,HILANG DEPOSIT,1,506,27179,1288,139066
107,11,40,TERENGGANU,KEMAMAN,USTAZ CHE ALIAS HAMID,,PAS,L,MENANG,2,65714,27179,1288,139066
24,11,40,TERENGGANU,KEMAMAN,DATO' SERI HJ AHMAD BIN SAID,,BN,L,KALAH,3,38535,27179,1288,139066
468,11,40,TERENGGANU,KEMAMAN,HASUNI BIN SUDIN,,PH,L,HILANG DEPOSIT,4,8340,27179,1288,139066
890,7,41,PULAU PINANG,KEPALA BATAS,USTAZ HAMIDI ABU HASSAN,,PEJUANG,L,HILANG DEPOSIT,1,747,2867,714,82831
147,7,41,PULAU PINANG,KEPALA BATAS,DR USTAZAH MASTURA,,PN,P,MENANG,2,28604,2867,714,82831
653,7,41,PULAU PINANG,KEPALA BATAS,DANIAL ABDUL MAJEED,JURUTERA PEMBUATAN,MUDA,L,KALAH,3,14214,2867,714,82831
460,7,41,PULAU PINANG,KEPALA BATAS,DATO' SRI REEZAL MERICAN BIN NAINA MERICAN,MENTERI,BN,L,KALAH,4,25737,2867,714,82831
951,7,42,PULAU PINANG,TASEK GELUGOR,AKMAL AZHAR,,WARISAN,L,HILANG DEPOSIT,1,179,12252,542,80360
67,7,42,PULAU PINANG,TASEK GELUGOR,RAZAK RIDZUAN,EJEN TAKAFUL,PH,L,KALAH,2,16547,12252,542,80360
563,7,42,PULAU PINANG,TASEK GELUGOR,DR. ABDUL HALIM,DOKTOR PERUBATAN,PEJUANG,L,HILANG DEPOSIT,3,406,12252,542,80360
375,7,42,PULAU PINANG,TASEK GELUGOR,MUHAMAD YUSOFF BIN MOHD NOOR (YB CHOP),AHLI DEWAN UNDANGAN NEGERI PULAU PINANG,BN,L,KALAH,4,18864,12252,542,80360
753,7,42,PULAU PINANG,TASEK GELUGOR,DATUK WAN SAIFUL WAN JAN,AHLI PERNIAGAAN,PN,L,MENANG,5,31116,12252,542,80360
739,7,43,PULAU PINANG,BAGAN,TAN CHUAN HONG,PENGURUS INSURANS,BN,L,HILANG DEPOSIT,1,5385,49648,738,89445
494,7,43,PULAU PINANG,BAGAN,LIM GUAN ENG,AHLI DEWAN UNDANGAN NEGERI,PH,L,MENANG,2,55797,49648,738,89445
240,7,43,PULAU PINANG,BAGAN,ALAN OH,AHLI PERNIAGAAN,PN,L,HILANG DEPOSIT,3,6149,49648,738,89445
871,7,43,PULAU PINANG,BAGAN,HAFIZ,AHLI PERNIAGAAN,PEJUANG,L,HILANG DEPOSIT,4,1323,49648,738,89445
814,7,44,PULAU PINANG,PERMATANG PAUH,DATUK ZAIDI,AHLI PERNIAGAAN,BN,L,KALAH,1,16971,5272,648,107106
646,7,44,PULAU PINANG,PERMATANG PAUH,UST FAWWAZ MD JAN,,PN,L,MENANG,2,37638,5272,648,107106
540,7,44,PULAU PINANG,PERMATANG PAUH,CIKGU NASIR,,PEJUANG,L,HILANG DEPOSIT,3,473,5272,648,107106
364,7,44,PULAU PINANG,PERMATANG PAUH,NURUL IZZAH ANWAR,,PH,P,KALAH,4,32366,5272,648,107106
90,7,45,PULAU PINANG,BUKIT MERTAJAM,STEVEN SIM CHEE KEONG,,PH,L,MENANG,1,71722,57685,767,120709
16,7,45,PULAU PINANG,BUKIT MERTAJAM,AH PANG,BERNIAGA,BN,L,HILANG DEPOSIT,2,6986,57685,767,120709
195,7,45,PULAU PINANG,BUKIT MERTAJAM,STEVEN KOH,,PN,L,KALAH,3,14037,57685,767,120709
643,7,46,PULAU PINANG,BATU KAWAN,LEE AH LEONG,PESARA,PRM,L,HILANG DEPOSIT,1,148,40400,839,88677
333,7,46,PULAU PINANG,BATU KAWAN,CHOW KON YEOW,KETUA MENTERI PULAU PINANG,PH,L,MENANG,2,50744,40400,839,88677
824,7,46,PULAU PINANG,BATU KAWAN,TAN LEE HUAT,PENIAGA,BN,L,HILANG DEPOSIT,3,7145,40400,839,88677
751,7,46,PULAU PINANG,BATU KAWAN,WONG CHIA ZHEN,,PN,L,KALAH,4,10344,40400,839,88677
511,7,46,PULAU PINANG,BATU KAWAN,ONG CHIN WEN,PEGUAM,WARISAN,L,HILANG DEPOSIT,5,450,40400,839,88677
631,7,47,PULAU PINANG,NIBONG TEBAL,FADHLINA BINTI SIDEK,PEGUAM SYARIE,PH,P,MENANG,1,42188,16293,1021,99935
315,7,47,PULAU PINANG,NIBONG TEBAL,DATO' MANSOR BIN OTHMAN,BEKERJA SENDIRI,PN,L,KALAH,2,25895,16293,1021,99935
534,7,47,PULAU PINANG,NIBONG TEBAL,DATUK SERI THANENTHIRAN,AHLI PERNIAGAAN,BN,P,KALAH,3,10660,16293,1021,99935
94,7,47,PULAU PINANG,NIBONG TEBAL,GOH KHENG HUAT,PESURUHJAYA SUMPAH,BEBAS,L,HILANG DEPOSIT,4,565,16293,1021,99935
205,7,48,PULAU PINANG,BUKIT BENDERA,SYERLEENA  ABDUL RASHID,AHLI DEWAN UNDANGAN NEGERI,PH,P,MENANG,1,49353,42610,653,92590
807,7,48,PULAU PINANG,BUKIT BENDERA,TEH YEE CHEU,PESARA,PRM,L,HILANG DEPOSIT,2,677,42610,653,92590
955,7,48,PULAU PINANG,BUKIT BENDERA,HNG CHEE WEY,PENGURUS,PN,L,HILANG DEPOSIT,3,6743,42610,653,92590
727,7,48,PULAU PINANG,BUKIT BENDERA,RICHIE HUAN XIN YUN,DIRECTOR,BN,L,HILANG DEPOSIT,4,5417,42610,653,92590
898,7,48,PULAU PINANG,BUKIT BENDERA,RAZALIF ZAIN,AHLI PERNIAGAAN,BEBAS,L,HILANG DEPOSIT,5,299,42610,653,92590
252,7,49,PULAU PINANG,TANJONG,LIM HUI YING,,PH,P,MENANG,1,31968,28754,386,52918
135,7,49,PULAU PINANG,TANJONG,TAN KIM NEE,,BN,P,HILANG DEPOSIT,2,3214,28754,386,52918
391,7,49,PULAU PINANG,TANJONG,AH LENG,BEKERJA SENDIRI,PN,L,HILANG DEPOSIT,3,2501,28754,386,52918
555,7,50,PULAU PINANG,JELUTONG,SANISVARA NETHAJI RAYER (RSN RAYER),PEGUAM,PH,L,MENANG,1,50369,38604,858,94036
647,7,50,PULAU PINANG,JELUTONG,BALJIT SINGH,PEGUAM,PN,L,KALAH,2,11765,38604,858,94036
971,7,50,PULAU PINANG,JELUTONG,KOH SWE YONG,GURU TUISYEN,PRM,L,HILANG DEPOSIT,3,264,38604,858,94036
1020,7,50,PULAU PINANG,JELUTONG,YACOOB BIN NOOR,AKTIVIS ALAM SEKITAR / CLIMATE CHANGE,BEBAS,L,HILANG DEPOSIT,4,480,38604,858,94036
920,7,50,PULAU PINANG,JELUTONG,DATUK LOGANATHAN A/L THORAISAMY,PESARA,BN,L,HILANG DEPOSIT,5,7387,38604,858,94036
752,7,50,PULAU PINANG,JELUTONG,LIM HUAT POH (MARTIN),,WARISAN,L,HILANG DEPOSIT,6,442,38604,858,94036
516,7,51,PULAU PINANG,BUKIT GELUGOR,P. THINAGARANABHAN,AHLI PERNIAGAAN,PN,L,HILANG DEPOSIT,1,8092,63112,646,117178
707,7,51,PULAU PINANG,BUKIT GELUGOR,RAMKARPAL SINGH,PEGUAM,PH,L,MENANG,2,71204,63112,646,117178
136,7,51,PULAU PINANG,BUKIT GELUGOR,WONG CHIN CHONG,AHLI PERNIAGAAN,BN,L,HILANG DEPOSIT,3,6777,63112,646,117178
370,7,52,PULAU PINANG,BAYAN BARU,SAW YEE FUNG,,BN,P,KALAH,1,13377,34902,1170,119347
825,7,52,PULAU PINANG,BAYAN BARU,JEFF OOI,,WARISAN,L,HILANG DEPOSIT,2,440,34902,1170,119347
55,7,52,PULAU PINANG,BAYAN BARU,RAVINDER SINGH,PESARA,PRM,L,HILANG DEPOSIT,3,251,34902,1170,119347
900,7,52,PULAU PINANG,BAYAN BARU,KAN CHEE YUEN,JURULATIH & JURU RUNDING,BEBAS,L,HILANG DEPOSIT,4,124,34902,1170,119347
614,7,52,PULAU PINANG,BAYAN BARU,SIM TZE TZIN,,PH,L,MENANG,5,55209,34902,1170,119347
297,7,52,PULAU PINANG,BAYAN BARU,OH TONG KEONG,PENGURUS,PN,L,KALAH,6,20307,34902,1170,119347
671,7,53,PULAU PINANG,BALIK PULAU,DATUK SHAH HEADAN BIN AYOOB SHAH,BERNIAGA,BN,L,KALAH,1,15478,1582,863,80128
254,7,53,PULAU PINANG,BALIK PULAU,MUHAMMAD BAKHTIAR BIN WAN CHIK,,PH,L,MENANG,2,24564,1582,863,80128
842,7,53,PULAU PINANG,BALIK PULAU,DATO' SRI JOHNNY (DSJ),PENIAGA,BEBAS,L,HILANG DEPOSIT,3,180,1582,863,80128
629,7,53,PULAU PINANG,BALIK PULAU,HARRIS IDAHAM RASHID,,PN,L,KALAH,4,22982,1582,863,80128
72,7,53,PULAU PINANG,BALIK PULAU,DATO SRI SABARUDDIN BIN AHMAD,AHLI PERNIAGAAN,BEBAS,L,HILANG DEPOSIT,5,366,1582,863,80128
522,7,53,PULAU PINANG,BALIK PULAU,FAZLI MOHAMMAD,,PEJUANG,L,HILANG DEPOSIT,6,341,1582,863,80128
404,8,54,PERAK,GERIK,DR ASYRAF WAJDI DUSUKI,,BN,L,KALAH,1,13728,1377,670,47558
36,8,54,PERAK,GERIK,FATHUL HUZIR AYOB,,PN,L,MENANG,2,15105,1377,670,47558
396,8,54,PERAK,GERIK,TARMIZI MOHD JAM,,PH,L,KALAH,3,5779,1377,670,47558
1104,8,55,PERAK,LENGGONG,DR SHAMSUL ANUAR NASARAH,,BN,L,MENANG,1,12588,879,443,36973
1097,8,55,PERAK,LENGGONG,JUREY LATIFF ROSLI,,PH,L,HILANG DEPOSIT,2,3382,879,443,36973
1090,8,55,PERAK,LENGGONG,USTAZ RIF'AAT RAZMAN,,PN,L,KALAH,3,11709,879,443,36973
674,8,56,PERAK,LARUT,USTAZ AUZAIE,,PEJUANG,L,HILANG DEPOSIT,1,566,11598,735,65713
765,8,56,PERAK,LARUT,USTAZ ZOLKHARNAIN BIN ABIDIN,,PH,L,HILANG DEPOSIT,2,6207,11598,735,65713
579,8,56,PERAK,LARUT,SHAFIQ FHADLY MAHMUD,,BN,L,KALAH,3,16752,11598,735,65713
86,8,56,PERAK,LARUT,DATO SERI HAMZAH ZAINUDIN,,PN,L,MENANG,4,28350,11598,735,65713
81,8,57,PERAK,PARIT BUNTAR,DATUK SERI DR MUJAHID YUSOF RAWA,,PH,L,KALAH,1,17828,5395,592,68544
610,8,57,PERAK,PARIT BUNTAR,CIKGU IMRAN,,BN,L,KALAH,2,11593,5395,592,68544
924,8,57,PERAK,PARIT BUNTAR,HJ ROHIJAS,,PEJUANG,L,HILANG DEPOSIT,3,259,5395,592,68544
780,8,57,PERAK,PARIT BUNTAR,USTAZ MISBAH,,PN,L,MENANG,4,23223,5395,592,68544
819,8,58,PERAK,BAGAN SERAI,DATUK USTAZ IDRIS,,PN,L,MENANG,1,33753,18551,895,80376
802,8,58,PERAK,BAGAN SERAI,HAJI AHMAD LUQMAN,,PEJUANG,L,HILANG DEPOSIT,2,383,18551,895,80376
776,8,58,PERAK,BAGAN SERAI,HAJI ZUL HELMI GHAZALI,,BN,L,KALAH,3,15202,18551,895,80376
1055,8,58,PERAK,BAGAN SERAI,SITI AISHAH BINTI SHAIK ISMAIL,,PH,P,KALAH,4,13195,18551,895,80376
1185,8,59,PERAK,BUKIT GANTANG,DATO' SYED ABU HUSSIN,,PN,L,MENANG,1,32625,12756,1033,94164
1156,8,59,PERAK,BUKIT GANTANG,MOHD SHUKRI,,PEJUANG,L,HILANG DEPOSIT,2,508,12756,1033,94164
636,8,59,PERAK,BUKIT GANTANG,DR. FAKHRULDIN MOHD HASHIM,,PH,L,KALAH,3,18565,12756,1033,94164
1162,8,59,PERAK,BUKIT GANTANG,MOHAMMAD SOLLEHIN,,BN,L,KALAH,4,19869,12756,1033,94164
992,8,60,PERAK,TAIPING,NEOW CHOO SEONG,,BN,L,KALAH,1,14599,25529,1121,121739
1131,8,60,PERAK,TAIPING,MOHGANAN A/L P MANIKAM,,BEBAS,L,HILANG DEPOSIT,2,236,25529,1121,121739
935,8,60,PERAK,TAIPING,WONG KAH WOH,,PH,L,MENANG,3,47098,25529,1121,121739
905,8,60,PERAK,TAIPING,CIKGU SEE TEAN SENG,,PN,L,KALAH,4,21569,25529,1121,121739
979,8,60,PERAK,TAIPING,TS.DR.RAMA,,BEBAS,L,HILANG DEPOSIT,5,113,25529,1121,121739
919,8,60,PERAK,TAIPING,LEOW THYE YIH,,BEBAS,L,HILANG DEPOSIT,6,1154,25529,1121,121739
941,8,61,PERAK,PADANG RENGAS,KAPTEN AZAHARI,,PN,L,MENANG,1,12931,3046,370,38727
1045,8,61,PERAK,PADANG RENGAS,MOHD ARRIF BIN ABDUL MAJID,,BN,L,KALAH,2,9885,3046,370,38727
889,8,61,PERAK,PADANG RENGAS,KAMIL MUNIM,,PH,L,KALAH,3,7062,3046,370,38727
1053,8,62,PERAK,SUNGAI SIPUT,INDRANI,,BEBAS,P,HILANG DEPOSIT,1,614,1846,991,72361
83,8,62,PERAK,SUNGAI SIPUT,HAJI BAHA,,BEBAS,L,HILANG DEPOSIT,2,598,1846,991,72361
1111,8,62,PERAK,SUNGAI SIPUT,TAN SRI SA. VIGNESWARAN (TSV),,BN,L,KALAH,3,19791,1846,991,72361
1,8,62,PERAK,SUNGAI SIPUT,S. KESAVAN,,PH,L,MENANG,4,21637,1846,991,72361
1003,8,62,PERAK,SUNGAI SIPUT,AHMAD FAUZI BIN MOHD JAAFAR,,PEJUANG,L,HILANG DEPOSIT,5,784,1846,991,72361
1077,8,62,PERAK,SUNGAI SIPUT,RAJAH A/L NARASAIM,,BEBAS,L,HILANG DEPOSIT,6,35,1846,991,72361
469,8,62,PERAK,SUNGAI SIPUT,DATO SRI IRUDIANATHAN,,PN,L,KALAH,7,8190,1846,991,72361
1241,8,63,PERAK,TAMBUN,ANWAR IBRAHIM,,PH,L,MENANG,1,49625,3736,1369,159957
1163,8,63,PERAK,TAMBUN,AMINUDDIN HANAFIAH,,BN,L,KALAH,2,28140,3736,1369,159957
1141,8,63,PERAK,TAMBUN,ABDUL RAHIM TAHIR,,PEJUANG,L,HILANG DEPOSIT,3,1115,3736,1369,159957
1249,8,63,PERAK,TAMBUN,AHMAD FAIZAL AZUMU @ PEJA,,PN,L,KALAH,4,45889,3736,1369,159957
390,8,64,PERAK,IPOH TIMOR,NOR AFZAINIZAM BIN SALLEH,,PN,L,KALAH,1,13661,43888,678,118017
51,8,64,PERAK,IPOH TIMOR,NG KAI CHEONG,,BN,L,HILANG DEPOSIT,2,8570,43888,678,118017
1402,8,64,PERAK,IPOH TIMOR,HOWARD LEE CHUAN HOW,,PH,L,MENANG,3,57549,43888,678,118017
1149,8,65,PERAK,IPOH BARAT,AH NAN,,BN,L,HILANG DEPOSIT,1,7248,56667,773,114319
1118,8,65,PERAK,IPOH BARAT,M. KULA,,PH,L,MENANG,2,63915,56667,773,114319
345,8,65,PERAK,IPOH BARAT,CHEK KWONG WENG,,PN,L,HILANG DEPOSIT,3,6815,56667,773,114319
1035,8,65,PERAK,IPOH BARAT,TAN SRI M KAYVEAS,,BEBAS,L,HILANG DEPOSIT,4,378,56667,773,114319
29,8,66,PERAK,BATU GAJAH,TEOH CHIN CHONG,,BN,L,HILANG DEPOSIT,1,6793,53836,825,111851
380,8,66,PERAK,BATU GAJAH,V. SIVAKUMAR,,PH,L,MENANG,2,60999,53836,825,111851
381,8,66,PERAK,BATU GAJAH,WOO CHEONG YUEN ,,PN,L,HILANG DEPOSIT,3,7163,53836,825,111851
1049,8,67,PERAK,KUALA KANGSAR,ISKANDAR DZULKARNAIN,,PN,L,MENANG,1,14380,3566,442,46973
1083,8,67,PERAK,KUALA KANGSAR,MASLIN SHAM BIN RAZMAN,,BN,L,KALAH,2,10814,3566,442,46973
1012,8,67,PERAK,KUALA KANGSAR,DR YUSMALIA BT MOHAMAD YUSOF,,PEJUANG,P,HILANG DEPOSIT,3,204,3566,442,46973
1037,8,67,PERAK,KUALA KANGSAR,DR. AHMAD TERMIZI RAMLI,,PH,L,KALAH,4,10356,3566,442,46973
1084,8,68,PERAK,BERUAS,DATO' NGEH KOO HAM,,PH,L,MENANG,1,46710,33971,1124,108341
660,8,68,PERAK,BERUAS,Ir. ONG KEAN SING,,PN,L,KALAH,2,12739,33971,1124,108341
702,8,68,PERAK,BERUAS,DING SIEW CHEE,,BN,L,KALAH,3,12724,33971,1124,108341
1267,8,69,PERAK,PARIT,USTAZ ISMI,,PN,L,MENANG,1,17181,2155,501,47899
937,8,69,PERAK,PARIT,NURTHAQAFFAH NORDIN,,PH,P,KALAH,2,5063,2155,501,47899
991,8,69,PERAK,PARIT,DATO' NIZAR,,BN,L,KALAH,3,15026,2155,501,47899
1272,8,69,PERAK,PARIT,DR. FAIZOL FADZLI,,PEJUANG,L,HILANG DEPOSIT,4,275,2155,501,47899
1173,8,70,PERAK,KAMPAR,LEE CHEE LEONG,,BN,L,KALAH,1,16137,14330,852,90005
1159,8,70,PERAK,KAMPAR,JANICE WONG,,PN,P,KALAH,2,12127,14330,852,90005
1129,8,70,PERAK,KAMPAR,CHONG ZHEMIN,,PH,L,MENANG,3,30467,14330,852,90005
1147,8,70,PERAK,KAMPAR,LEONG CHEOK LUNG ,,WARISAN,L,HILANG DEPOSIT,4,655,14330,852,90005
300,8,71,PERAK,GOPENG,MUHAMMAD FARHAN BIN ABDUL RAHIM,,PN,L,KALAH,1,28732,27148,1092,143466
902,8,71,PERAK,GOPENG,CALLY TING,,BN,P,KALAH,2,18393,27148,1092,143466
887,8,71,PERAK,GOPENG,TAN KAR HING,,PH,L,MENANG,3,55880,27148,1092,143466
1244,8,71,PERAK,GOPENG,BALACHANDRAN A/L GOPAL,,WARISAN,L,HILANG DEPOSIT,4,633,27148,1092,143466
1181,8,72,PERAK,TAPAH,SARASWATHY KANDASAMI,,PH,P,KALAH,1,13334,5064,966,61664
1183,8,72,PERAK,TAPAH,DATUK HAJI MUHAMMAD YADZAN BIN HAJI MOHAMMAD,,PN,L,KALAH,2,12115,5064,966,61664
1174,8,72,PERAK,TAPAH,MOHAMED AKBAR B. YASIN,,WARISAN,L,HILANG DEPOSIT,3,200,5064,966,61664
1231,8,72,PERAK,TAPAH,DATUK SERI M. SARAVANAN,,BN,L,MENANG,4,18398,5064,966,61664
1211,8,72,PERAK,TAPAH,M. KATHIRAVAN,,BEBAS,L,HILANG DEPOSIT,5,99,5064,966,61664
1218,8,72,PERAK,TAPAH,MIOR HAIDIR,,PEJUANG,L,HILANG DEPOSIT,6,335,5064,966,61664
512,8,73,PERAK,PASIR SALAK,ZAIROL HIZAM BIN ZAKARIA,,PEJUANG,L,HILANG DEPOSIT,1,539,5003,885,74775
312,8,73,PERAK,PASIR SALAK,USTAZ NIK OMAR,,PH,L,KALAH,2,11693,5003,885,74775
310,8,73,PERAK,PASIR SALAK,USTAZ JAMALUDIN BIN YAHYA,,PN,L,MENANG,3,24897,5003,885,74775
121,8,73,PERAK,PASIR SALAK,KHAIRUL AZWAN HARUN,,BN,L,KALAH,4,19894,5003,885,74775
162,8,74,PERAK,LUMUT,DR ZAMBRY ABD KADIR,,BN,L,KALAH,1,24849,363,990,92070
356,8,74,PERAK,LUMUT,DR HATTA RAMLI,,PH,L,KALAH,2,20358,363,990,92070
913,8,74,PERAK,LUMUT,KOMANDER (B) NORDIN,,PN,L,MENANG,3,25212,363,990,92070
1017,8,74,PERAK,LUMUT,KOMANDER ISNIN,,WARISAN,L,HILANG DEPOSIT,4,358,363,990,92070
1251,8,74,PERAK,LUMUT,MAZLAN ABD GHANI,,PEJUANG,L,HILANG DEPOSIT,5,385,363,990,92070
1236,8,75,PERAK,BAGAN DATUK,TAWFIK TUN DR ISMAIL,,BEBAS,L,HILANG DEPOSIT,1,226,348,748,58314
791,8,75,PERAK,BAGAN DATUK,DR. FAIZ NA'AMAN,,PN,L,KALAH,2,8822,348,748,58314
908,8,75,PERAK,BAGAN DATUK,DATUK SERI HAJI SHAMSUL ISKANDAR,,PH,L,KALAH,3,16230,348,748,58314
829,8,75,PERAK,BAGAN DATUK,ZAHID HAMIDI,,BN,L,MENANG,4,16578,348,748,58314
1391,8,76,PERAK,TELUK INTAN,NGA KOR MING,,PH,L,MENANG,1,33133,15169,716,87301
1392,8,76,PERAK,TELUK INTAN,DATO T. MURUGIAH,,BN,L,KALAH,2,12304,15169,716,87301
1393,8,76,PERAK,TELUK INTAN,AMIR KHUSYAIRI ,,PEJUANG,L,HILANG DEPOSIT,3,793,15169,716,87301
1395,8,76,PERAK,TELUK INTAN,ZAINOL FADZI PAHARUDIN,,PN,L,KALAH,4,17964,15169,716,87301
826,8,77,PERAK,TANJONG MALIM,DATUK JAMALUDDIN BIN MOHD. RADZI,,BEBAS,L,HILANG DEPOSIT,1,1032,3541,1144,93797
984,8,77,PERAK,TANJONG MALIM,CIKGU IZZAT JOHARI,,BEBAS,L,HILANG DEPOSIT,2,328,3541,1144,93797
1315,8,77,PERAK,TANJONG MALIM,CHANG LIH KANG,,PH,L,MENANG,3,25140,3541,1144,93797
1132,8,77,PERAK,TANJONG MALIM,DR MAH HANG SOON,,BN,L,KALAH,4,20963,3541,1144,93797
895,8,77,PERAK,TANJONG MALIM,NOLEE RADZI,,PN,P,KALAH,5,21599,3541,1144,93797
1110,8,77,PERAK,TANJONG MALIM,DR AMIR HAMZAH,,PEJUANG,L,HILANG DEPOSIT,6,609,3541,1144,93797
1294,6,78,PAHANG,CAMERON HIGHLANDS,DATO' RAMLI BIN MOHD NOR,,BN,L,MENANG,1,16120,4544,850,45890
1284,6,78,PAHANG,CAMERON HIGHLANDS,DR. ABDUL RASID,,PN,L,KALAH,2,5569,4544,850,45890
1357,6,78,PAHANG,CAMERON HIGHLANDS,CHIONG YOKE KONG,,PH,L,KALAH,3,11576,4544,850,45890
1354,6,79,PAHANG,LIPIS,DATO' SHAHRUM ,,PN,L,KALAH,1,11554,6118,388,47130
295,6,79,PAHANG,LIPIS,AISHATON BINTI ABU BAKAR,,PEJUANG,P,HILANG DEPOSIT,2,263,6118,388,47130
878,6,79,PAHANG,LIPIS,TENGKU ZULPURI SHAH BIN RAJA PUJI,,PH,L,KALAH,3,6366,6118,388,47130
917,6,79,PAHANG,LIPIS,DATO SRI ABDUL RAHMAN BIN MOHAMAD,,BN,L,MENANG,4,17672,6118,388,47130
827,6,80,PAHANG,RAUB,CHOW YU HUI,,PH,L,MENANG,1,21613,4357,733,75100
1048,6,80,PAHANG,RAUB,NORKHAIRUL ANUAR BIN MOHAMED NOR,,PEJUANG,L,HILANG DEPOSIT,2,427,4357,733,75100
960,6,80,PAHANG,RAUB,CHONG SIN WOON,,BN,L,KALAH,3,16939,4357,733,75100
1308,6,80,PAHANG,RAUB,DATO FAKRUNIZAM IBRAHIM,,PN,L,KALAH,4,17256,4357,733,75100
525,6,81,PAHANG,JERANTUT,DATO' DR HASSAN BASRI BIN AWANG MAT DAHAN,,PH,L,KALAH,1,11444,8092,838,87016
1299,6,81,PAHANG,JERANTUT,DATO' MOHD ZUKARMI,,BN,L,KALAH,2,23609,8092,838,87016
572,6,81,PAHANG,JERANTUT,IR. HAJI KHAIRIL,,PN,L,MENANG,3,31701,8092,838,87016
1302,6,82,PAHANG,INDERA MAHKOTA,DR. MOHAMAD NOR BIN SUNDARI,,PEJUANG,L,HILANG DEPOSIT,1,1864,8399,783,120231
1304,6,82,PAHANG,INDERA MAHKOTA,DATO' SRI SAIFUDDIN ABDULLAH,,PN,L,MENANG,2,41692,8399,783,120231
1040,6,82,PAHANG,INDERA MAHKOTA,HAJI ZURAIDI ISMAIL,,PH,L,KALAH,3,33293,8399,783,120231
472,6,82,PAHANG,INDERA MAHKOTA,DATO' QUEK TAI SEONG,,BN,L,KALAH,4,16530,8399,783,120231
655,6,83,PAHANG,KUANTAN,DATO' SRI AB HAMID BIN MOHD NAZAHAR,,BN,L,KALAH,1,19114,2866,631,87479
1240,6,83,PAHANG,KUANTAN,FUZIAH SALLEH,,PH,P,KALAH,2,22648,2866,631,87479
1246,6,83,PAHANG,KUANTAN,WAN RAZALI WAN NOR,,PN,L,MENANG,3,25514,2866,631,87479
798,6,83,PAHANG,KUANTAN,MEJAR ANUAR TAJUDDIN (B),,PEJUANG,L,HILANG DEPOSIT,4,486,2866,631,87479
1201,6,84,PAHANG,PAYA BESAR,USTAZ AIRE ROSLAN,,PN,L,KALAH,1,25582,1317,678,79616
1239,6,84,PAHANG,PAYA BESAR,Ir. ROSMINAHAR,,PEJUANG,L,HILANG DEPOSIT,2,310,1317,678,79616
1192,6,84,PAHANG,PAYA BESAR,AHMAD AZAM,,PH,L,KALAH,3,9192,1317,678,79616
101,6,84,PAHANG,PAYA BESAR,DATO' INDERA MOHD SHAHAR BIN ABDULLAH,,BN,L,MENANG,4,26899,1317,678,79616
1059,6,85,PAHANG,PEKAN,SH MOHMED PUZI BIN SH ALI,,BN,L,MENANG,1,47418,8949,1350,119292
1320,6,85,PAHANG,PEKAN,MOHD NAIM ZAINAL ABIDIN,,PH,L,HILANG DEPOSIT,2,6316,8949,1350,119292
1311,6,85,PAHANG,PEKAN,TENGKU DATO' HISHAM,,BEBAS,L,HILANG DEPOSIT,3,366,8949,1350,119292
1307,6,85,PAHANG,PEKAN,DATO' RADHI ABDUL RAZAK,,PEJUANG,L,HILANG DEPOSIT,4,472,8949,1350,119292
373,6,85,PAHANG,PEKAN,USTAZ MOHD FADHIL NOOR,,PN,L,KALAH,5,38469,8949,1350,119292
1323,6,86,PAHANG,MARAN,MUHAMAD HAFIZ AL-HAFIZ,,BEBAS,L,HILANG DEPOSIT,1,166,1821,422,53180
704,6,86,PAHANG,MARAN,SHAHANIZA SHAMSUDDIN,,BN,P,KALAH,2,17779,1821,422,53180
483,6,86,PAHANG,MARAN,DATO SRI DR HJ ISMAIL B HJ ABD MUTTALIB,,PN,L,MENANG,3,19600,1821,422,53180
904,6,86,PAHANG,MARAN,AHMAD SHUHOR,,PH,L,HILANG DEPOSIT,4,3547,1821,422,53180
1217,6,87,PAHANG,KUALA KRAU,DATO' SRI DR HAJI ISMAIL BIN MOHAMED SAID,,BN,L,KALAH,1,21481,1024,595,60524
1227,6,87,PAHANG,KUALA KRAU,USTAZ HAJI KAMAL BIN ASHAARI,,PN,L,MENANG,2,22505,1024,595,60524
858,6,87,PAHANG,KUALA KRAU,JUHARI OSMAN,,PH,L,HILANG DEPOSIT,3,3593,1024,595,60524
1321,6,87,PAHANG,KUALA KRAU,SHAHRUDDIN MOHAMED SALLEH,,PEJUANG,L,HILANG DEPOSIT,4,174,1024,595,60524
1322,6,88,PAHANG,TEMERLOH,DATO' SRI HJ MOHD SHARKAR BIN HJ SHAMSUDIN,,BN,L,KALAH,1,25191,5520,759,106746
1335,6,88,PAHANG,TEMERLOH,HJH SALAMIAH MOHD NOR,,PN,P,MENANG,2,30929,5520,759,106746
1325,6,88,PAHANG,TEMERLOH,HASBIE MUDA,,PH,L,KALAH,3,25409,5520,759,106746
410,6,88,PAHANG,TEMERLOH,AMINUDDIN BIN YAHAYA,,PEJUANG,L,HILANG DEPOSIT,4,1108,5520,759,106746
1397,6,89,PAHANG,BENTONG,ACHIK KHALIL,,BEBAS,L,HILANG DEPOSIT,1,168,692,675,87106
1331,6,89,PAHANG,BENTONG,YOUNG SYEFURA BINTI OTHMAN,,PH,P,MENANG,2,25075,692,675,87106
1337,6,89,PAHANG,BENTONG,TAN SRI LIOW TIONG LAI,,BN,L,KALAH,3,24383,692,675,87106
467,6,89,PAHANG,BENTONG,DATUK ROSLAN HASSAN,,PN,L,KALAH,4,16233,692,675,87106
708,6,89,PAHANG,BENTONG,WONG TACK,,BEBAS,L,HILANG DEPOSIT,5,798,692,675,87106
488,6,90,PAHANG,BERA,DATO ASMAWI,,PN,L,KALAH,1,12719,16695,814,77773
925,6,90,PAHANG,BERA,ISMAIL SABRI BIN YAAKOB,,BN,L,MENANG,2,31762,16695,814,77773
1070,6,90,PAHANG,BERA,HAJI ABAS BIN AWANG,,PH,L,KALAH,3,15067,16695,814,77773
1276,6,91,PAHANG,ROMPIN,HAMIZI BIN HUSSAIN,,BEBAS,L,HILANG DEPOSIT,1,408,1438,1129,89087
1270,6,91,PAHANG,ROMPIN,DATO' SRI HAJI HASAN BIN ARIFIN,,BN,L,KALAH,2,30151,1438,1129,89087
1257,6,91,PAHANG,ROMPIN,DATO' KHALIB,,PN,L,MENANG,3,31589,1438,1129,89087
1007,6,91,PAHANG,ROMPIN,ERMAN SHAH,,PH,L,HILANG DEPOSIT,4,4779,1438,1129,89087
144,10,92,SELANGOR,SABAK BERNAM,DATO` SRI EIZLAN YUSOF,AHLI PERNIAGAAN,PEJUANG,L,HILANG DEPOSIT,1,460,5056,446,51586
503,10,92,SELANGOR,SABAK BERNAM,ABD RAHMAN BIN BAKRI,,BN,L,KALAH,2,12917,5056,446,51586
409,10,92,SELANGOR,SABAK BERNAM,CIKGU KALAM BIN SALAN,PENIAGA,PN,L,MENANG,3,17973,5056,446,51586
265,10,92,SELANGOR,SABAK BERNAM,HJ. SHAMSUL  MA`ARIF ISMAIL,,PH,L,KALAH,4,9627,5056,446,51586
277,10,93,SELANGOR,SUNGAI BESAR,DATO' SRI JAMAL YUNOS,AHLI PERNIAGAAN,BN,L,KALAH,1,13984,2721,441,64344
412,10,93,SELANGOR,SUNGAI BESAR,DATO' ASMAWAR BIN SAMAT,PESARA,PEJUANG,L,HILANG DEPOSIT,2,225,2721,441,64344
140,10,93,SELANGOR,SUNGAI BESAR,CIKGU MUSLIMIN YAHAYA,,PN,L,MENANG,3,19791,2721,441,64344
61,10,93,SELANGOR,SUNGAI BESAR,HJ SAIPOLYAZAN M YUSOP,TIDAK BEKERJA,PH,L,KALAH,4,17070,2721,441,64344
386,10,94,SELANGOR,HULU SELANGOR,AZLINDA BINTI BARONI,,BEBAS,P,HILANG DEPOSIT,1,446,1562,1424,154029
182,10,94,SELANGOR,HULU SELANGOR,DATUK T.MOHAN,,BN,L,KALAH,2,27050,1562,1424,154029
498,10,94,SELANGOR,HULU SELANGOR,HARUMAINI BIN HAJI OMAR,AHLI PERNIAGAAN,PEJUANG,L,HILANG DEPOSIT,3,1849,1562,1424,154029
79,10,94,SELANGOR,HULU SELANGOR,DR. SATHIA PRAKASH NADARAJAN,,PH,L,KALAH,4,45261,1562,1424,154029
316,10,94,SELANGOR,HULU SELANGOR,HANIZA TALHA,,PBM,P,HILANG DEPOSIT,5,1013,1562,1424,154029
587,10,94,SELANGOR,HULU SELANGOR,HASNIZAN HARUN,,PN,L,MENANG,6,46823,1562,1424,154029
509,10,95,SELANGOR,TANJONG KARANG,LANDO BROTHERHOOD,AKTIVIS,PEJUANG,L,HILANG DEPOSIT,1,3557,2180,573,62112
654,10,95,SELANGOR,TANJONG KARANG,MOHD ROSNI,,BEBAS,L,HILANG DEPOSIT,2,1406,2180,573,62112
369,10,95,SELANGOR,TANJONG KARANG,KAPT (B) DATO DR ZULKAFPERI,AHLI PERNIAGAAN,PN,L,MENANG,3,18054,2180,573,62112
105,10,95,SELANGOR,TANJONG KARANG,CIKGU RAHAYU,,MUDA,P,KALAH,4,12314,2180,573,62112
234,10,95,SELANGOR,TANJONG KARANG,DATO' HJH. HABIBAH,,BN,P,KALAH,5,15874,2180,573,62112
527,10,96,SELANGOR,KUALA SELANGOR,TENGKU ZAFRUL AZIZ,,BN,L,KALAH,1,30031,1002,1072,102530
626,10,96,SELANGOR,KUALA SELANGOR,YB SHAID ROSLI ,AHLI PERNIAGAAN ,PEJUANG,L,HILANG DEPOSIT,2,1778,1002,1072,102530
694,10,96,SELANGOR,KUALA SELANGOR,DS DR DZULKEFLY BIN AHMAD,,PH,L,MENANG,3,31033,1002,1072,102530
417,10,96,SELANGOR,KUALA SELANGOR,USTAZ MOHD NOOR SHAHAR,BEKERJA SENDIRI,PN,L,KALAH,4,23639,1002,1072,102530
298,10,97,SELANGOR,SELAYANG,DATUK ABDUL RASHID ASARI,PEMILIK FIRMA GUAMAN,PN,L,KALAH,1,49154,23619,1188,180790
130,10,97,SELANGOR,SELAYANG,CHAN WUN HOONG,,BN,L,KALAH,2,19425,23619,1188,180790
212,10,97,SELANGOR,SELAYANG,SALLEH AMIRUDDIN,AHLI DEWAN NEGERI SELANGOR,PEJUANG,L,HILANG DEPOSIT,3,2584,23619,1188,180790
473,10,97,SELANGOR,SELAYANG,MUHAMMAD ZAKI BIN OMAR,,BEBAS,L,HILANG DEPOSIT,4,945,23619,1188,180790
62,10,97,SELANGOR,SELAYANG,WILLIAM LEONG JEE KEEN,PEGUAM,PH,L,MENANG,5,72773,23619,1188,180790
32,10,98,SELANGOR,GOMBAK,DATO' SERI AZMIN ALI,MENTERI KANAN PERDAGANGAN ANTARABANGSA DAN INDUSTRI,PN,L,KALAH,1,59538,12729,1122,206234
71,10,98,SELANGOR,GOMBAK,AMIRUDIN SHARI,DATO' MENTERI BESAR SELANGOR,PH,L,MENANG,2,72267,12729,1122,206234
150,10,98,SELANGOR,GOMBAK,DATUK DR. AZIZ JAMALUDIN,BEKERJA SENDIRI,PEJUANG,L,HILANG DEPOSIT,3,2223,12729,1122,206234
308,10,98,SELANGOR,GOMBAK,Ir Hj ZULKIFLI,JURUTERA,BEBAS,L,HILANG DEPOSIT,4,675,12729,1122,206234
228,10,98,SELANGOR,GOMBAK,MEGAT ZULKARNAIN BIN OMARDIN,,BN,L,KALAH,5,30723,12729,1122,206234
562,10,99,SELANGOR,AMPANG,RODZIAH ISMAIL,AHLI DEWAN NEGERI N41. BATU TIGA,PH,P,MENANG,1,56754,29681,834,133186
3,10,99,SELANGOR,AMPANG,IVONE LOW YI WEN,,BN,P,HILANG DEPOSIT,2,11509,29681,834,133186
335,10,99,SELANGOR,AMPANG,M.RAVEEN,PENIAGA,BEBAS,L,HILANG DEPOSIT,3,148,29681,834,133186
640,10,99,SELANGOR,AMPANG,ZURAIDA BINTI KAMARUDDIN ,,PBM,P,HILANG DEPOSIT,4,4589,29681,834,133186
476,10,99,SELANGOR,AMPANG,DR. NURUL ASHIKIN,,PEJUANG,P,HILANG DEPOSIT,5,2653,29681,834,133186
731,10,99,SELANGOR,AMPANG,BRYAN LAI,,WARISAN,L,HILANG DEPOSIT,6,1423,29681,834,133186
194,10,99,SELANGOR,AMPANG,SASHA LYNA,,PN,P,KALAH,7,27073,29681,834,133186
91,10,99,SELANGOR,AMPANG,MUHAMMAD SHAFIQ IZWAN BIN MOHD YUNOS,,BEBAS,L,HILANG DEPOSIT,8,188,29681,834,133186
28,10,99,SELANGOR,AMPANG,TAN HUA MENG,,BEBAS,L,HILANG DEPOSIT,9,93,29681,834,133186
611,10,100,SELANGOR,PANDAN,RAFIZI RAMLI,AHLI PERNIAGAAN,PH,L,MENANG,1,74002,48296,606,148431
658,10,100,SELANGOR,PANDAN,ONG TEE KEAT,,WARISAN,L,HILANG DEPOSIT,2,3323,48296,606,148431
442,10,100,SELANGOR,PANDAN,FARIQUE ZUBIR,AKAUNTAN,PN,L,KALAH,3,25706,48296,606,148431
723,10,100,SELANGOR,PANDAN,NADIA HANAFIAH,PENGARAH,PEJUANG,P,HILANG DEPOSIT,4,961,48296,606,148431
510,10,100,SELANGOR,PANDAN,LEONG KOK WEE,,BN,L,HILANG DEPOSIT,5,11664,48296,606,148431
683,10,101,SELANGOR,HULU LANGAT,YB MOHD SANY HAMZAN,"AHLI DEWAN NEGERI TAMAN TEMPLER, SELANGOR",PH,P,MENANG,1,58382,14896,1214,166160
1102,10,101,SELANGOR,HULU LANGAT,DATO HAJI MARKIMAN KOBIRAN,PEGUAM,PEJUANG,L,HILANG DEPOSIT,2,1655,14896,1214,166160
479,10,101,SELANGOR,HULU LANGAT,DATO' ABDUL RAHMAN BIN JAAFAR,,WARISAN,L,HILANG DEPOSIT,3,370,14896,1214,166160
577,10,101,SELANGOR,HULU LANGAT,DATUK WIRA HAJI JOHAN BIN ABD AZIZ,AHLI PERNIAGAAN,BN,L,KALAH,4,32570,14896,1214,166160
750,10,101,SELANGOR,HULU LANGAT,DR MOHAMED MUSTAFA,AHLI PERNIAGAAN,BEBAS,L,HILANG DEPOSIT,5,326,14896,1214,166160
781,10,101,SELANGOR,HULU LANGAT,DATO' DR. MOHD RADZI ABD LATIF,AHLI PERNIAGAAN,PN,L,KALAH,6,43486,14896,1214,166160
928,10,102,SELANGOR,BANGI,NAZRUL NAZIR,,PN,L,KALAH,1,71867,69701,1930,302170
797,10,102,SELANGOR,BANGI,DR. JAMAL,PENGARAH,BEBAS,L,HILANG DEPOSIT,2,676,69701,1930,302170
857,10,102,SELANGOR,BANGI,HOH HEE LEE,PEGUAM,BN,L,HILANG DEPOSIT,3,25685,69701,1930,302170
639,10,102,SELANGOR,BANGI,FAUZI HASIM,KERJA SENDIRI,BEBAS,L,HILANG DEPOSIT,4,401,69701,1930,302170
530,10,102,SELANGOR,BANGI,ASSOCIATE PROF. SUTHAN  M,USAHAWAN ,BEBAS,L,HILANG DEPOSIT,5,194,69701,1930,302170
896,10,102,SELANGOR,BANGI,CHEE CHEE MENG,,PRM,L,HILANG DEPOSIT,6,752,69701,1930,302170
268,10,102,SELANGOR,BANGI,SYAHREDZAN BIN JOHAN,PEGUAM,PH,L,MENANG,7,141568,69701,1930,302170
725,10,102,SELANGOR,BANGI,USTAZ ANNUAR BIN SALLEH,,PEJUANG,L,HILANG DEPOSIT,8,3148,69701,1930,302170
668,10,103,SELANGOR,PUCHONG,YEO BEE YIN,,PH,P,MENANG,1,79425,57957,1222,152228
700,10,103,SELANGOR,PUCHONG,UNCLE KENTANG,,BEBAS,L,HILANG DEPOSIT,2,1793,57957,1222,152228
458,10,103,SELANGOR,PUCHONG,DATUK SERI HAJI SYED IBRAHIM,,BN,L,KALAH,3,21468,57957,1222,152228
567,10,103,SELANGOR,PUCHONG,JIMMY CHEW JYH GANG,PENIAGA,PN,L,KALAH,4,18263,57957,1222,152228
438,10,104,SELANGOR,SUBANG,ALEX ANG H N,,PN,L,KALAH,1,23185,115074,938,230174
307,10,104,SELANGOR,SUBANG,DR KOW,PENSYARAH,BN,L,HILANG DEPOSIT,2,16539,115074,938,230174
134,10,104,SELANGOR,SUBANG,WONG CHEN,,PH,L,MENANG,3,138259,115074,938,230174
584,10,105,SELANGOR,PETALING JAYA,DATUK EZAM MOHD NOR,,PRM,L,HILANG DEPOSIT,1,2049,50575,1664,195173
441,10,105,SELANGOR,PETALING JAYA,DR. K. J. JOHN,,BEBAS,L,HILANG DEPOSIT,2,461,50575,1664,195173
301,10,105,SELANGOR,PETALING JAYA,CHEW HIAN TAT,,BN,L,KALAH,3,23253,50575,1664,195173
132,10,105,SELANGOR,PETALING JAYA,MAZWEEN MOKHTAR,BEKERJA SENDIRI,PEJUANG,P,HILANG DEPOSIT,4,4052,50575,1664,195173
691,10,105,SELANGOR,PETALING JAYA,DATO THENG BOOK,PEGUAM,PN,L,KALAH,5,32736,50575,1664,195173
767,10,105,SELANGOR,PETALING JAYA,LEE CHEAN CHUNG,,PH,L,MENANG,6,83311,50575,1664,195173
207,10,106,SELANGOR,DAMANSARA,GOBIND SINGH DEO,PEGUAM,PH,L,MENANG,1,142875,124619,973,238693
320,10,106,SELANGOR,DAMANSARA,LIM SI CHING,,PN,L,HILANG DEPOSIT,2,18256,124619,973,238693
104,10,106,SELANGOR,DAMANSARA,TAN GIM TUAN GT,PEGUAM,BN,L,HILANG DEPOSIT,3,13806,124619,973,238693
699,10,107,SELANGOR,SUNGAI BULOH,AHMAD JUFLIZ,PEGUAMBELA & PEGUAMCARA,PRM,L,HILANG DEPOSIT,1,279,2693,945,157187
56,10,107,SELANGOR,SUNGAI BULOH,AKMAL YUSOFF,,PEJUANG,L,HILANG DEPOSIT,2,829,2693,945,157187
621,10,107,SELANGOR,SUNGAI BULOH,SIFU LINDA,KONSULTAN,BEBAS,P,HILANG DEPOSIT,3,113,2693,945,157187
395,10,107,SELANGOR,SUNGAI BULOH,KHAIRY JAMALUDDIN,MENTERI KESIHATAN,BN,L,KALAH,4,48250,2693,945,157187
518,10,107,SELANGOR,SUNGAI BULOH,SYED RAZAK ALSAGOFF,PENGARAH SYARIKAT,BEBAS,L,HILANG DEPOSIT,5,165,2693,945,157187
241,10,107,SELANGOR,SUNGAI BULOH,RAMANAN RAMAKRISHNAN,JURUTERA MEKANIKAL,PH,L,MENANG,6,50943,2693,945,157187
143,10,107,SELANGOR,SUNGAI BULOH,HJ  MOHD GHAZALI BIN MD HAMIN,,PN,L,KALAH,7,29060,2693,945,157187
379,10,108,SELANGOR,SHAH ALAM,AZLI YUSOF,BERNIAGA,PH,L,MENANG,1,61409,18095,919,164972
499,10,108,SELANGOR,SHAH ALAM,RAFIQUE RASHID,PEGUAM,PEJUANG,L,HILANG DEPOSIT,2,2781,18095,919,164972
127,10,108,SELANGOR,SHAH ALAM,ISHAM JALIL,AKTIVIS MASYARAKAT,BN,L,KALAH,3,28266,18095,919,164972
296,10,108,SELANGOR,SHAH ALAM,DR. AFIF BAHARDIN,"ADUN SEBERANG JAYA, PULAU PINANG",PN,L,KALAH,4,43314,18095,919,164972
561,10,109,SELANGOR,KAPAR,MUHAMMAD BIN NOOR AZMAN,,BN,L,KALAH,1,35079,11782,1464,188534
270,10,109,SELANGOR,KAPAR,DR DAROYAH BINTI ALWI,,PBM,P,HILANG DEPOSIT,2,1474,11782,1464,188534
96,10,109,SELANGOR,KAPAR,UST. HJ. MOHD PATHAN BIN HUSSIN,,PEJUANG,L,HILANG DEPOSIT,3,1015,11782,1464,188534
466,10,109,SELANGOR,KAPAR,DR HALIMAH ALI,,PN,P,MENANG,4,65751,11782,1464,188534
388,10,109,SELANGOR,KAPAR,DATO' SERI RAHIM,,WARISAN,L,HILANG DEPOSIT,5,265,11782,1464,188534
209,10,109,SELANGOR,KAPAR,DATO' SRI SIVALINGAM,AHLI PERNIAGAAN,BEBAS,L,HILANG DEPOSIT,6,477,11782,1464,188534
46,10,109,SELANGOR,KAPAR,ABDULLAH SANI,,PH,L,KALAH,7,53969,11782,1464,188534
630,10,110,SELANGOR,KLANG,DR JAYA,PEGAWAI PERUBATAN SWASTA,PN,L,KALAH,1,23738,91801,1374,208608
914,10,110,SELANGOR,KLANG,HEDRHIN RAMLI @ AWIN,BERNIAGA,BEBAS,L,HILANG DEPOSIT,2,3016,91801,1374,208608
500,10,110,SELANGOR,KLANG,TEE HOOI LING,,BN,P,HILANG DEPOSIT,3,19762,91801,1374,208608
742,10,110,SELANGOR,KLANG,DR. LOO CHENG WEE,DOKTOR,WARISAN,L,HILANG DEPOSIT,4,1140,91801,1374,208608
940,10,110,SELANGOR,KLANG,CHANDRASEGAR,,PRM,L,HILANG DEPOSIT,5,271,91801,1374,208608
574,10,110,SELANGOR,KLANG,GANABATIRAU A/L VERAMAN,,PH,L,MENANG,6,115539,91801,1374,208608
688,10,110,SELANGOR,KLANG,DEEPAK JAIKISHAN,,BEBAS,L,HILANG DEPOSIT,7,439,91801,1374,208608
581,10,111,SELANGOR,KOTA RAJA,FAHMI BAZLAN MUDA,PENGURUS,PEJUANG,L,HILANG DEPOSIT,1,2063,73998,1586,243540
280,10,111,SELANGOR,KOTA RAJA,HAJI MOHAMED DIAH BAHARUN,BEKERJA SENDIRI,PN,L,KALAH,2,49308,73998,1586,243540
993,10,111,SELANGOR,KOTA RAJA,KUMAR KARANANEDI,KERJA SENDIRI,BEBAS,L,HILANG DEPOSIT,3,163,73998,1586,243540
439,10,111,SELANGOR,KOTA RAJA,KAJENDRAN,AHLI PERNIAGAAN,BN,L,HILANG DEPOSIT,4,22225,73998,1586,243540
116,10,111,SELANGOR,KOTA RAJA,MOHD SABU,,PH,L,MENANG,5,123306,73998,1586,243540
865,10,111,SELANGOR,KOTA RAJA,P.RAVEENTHARAN  A/L A.PERIASAMY,BERNIAGA,BEBAS,L,HILANG DEPOSIT,6,209,73998,1586,243540
796,10,111,SELANGOR,KOTA RAJA,SARAH AFIQAH,CIKGU TUISYEN SWASTA,PRM,P,HILANG DEPOSIT,7,360,73998,1586,243540
706,10,111,SELANGOR,KOTA RAJA,SURENDHAR SELVARAJU,AHLI PERNIAGAAN,BEBAS,L,HILANG DEPOSIT,8,106,73998,1586,243540
137,10,112,SELANGOR,KUALA LANGAT,HAJAH ZANARIAH JUMHURI,,BEBAS,P,HILANG DEPOSIT,1,512,1833,1436,147942
543,10,112,SELANGOR,KUALA LANGAT,MOHANA MUNIANDY,KONSULTAN,BN,P,KALAH,2,18685,1833,1436,147942
773,10,112,SELANGOR,KUALA LANGAT,MOHD RIDZUAN ABDULLAH,AHLI PERNIAGAAN,PEJUANG,L,HILANG DEPOSIT,3,591,1833,1436,147942
673,10,112,SELANGOR,KUALA LANGAT,DR AHMAD YUNUS HAIRI,AHLI DEWAN UNDANGAN NEGERI SELANGOR,PN,L,MENANG,4,52867,1833,1436,147942
854,10,112,SELANGOR,KUALA LANGAT,GANESKUMAR,,PRM,L,HILANG DEPOSIT,5,171,1833,1436,147942
319,10,112,SELANGOR,KUALA LANGAT,MANIVANAN GOWIN,PEGUAM,PH,L,KALAH,6,51034,1833,1436,147942
593,10,113,SELANGOR,SEPANG,SYAHRUL AMRI MAT SARI,BEKERJA SENDIRI,BEBAS,L,HILANG DEPOSIT,1,319,8949,1423,167162
31,10,113,SELANGOR,SEPANG,CHE ASMAH IBRAHIM,PESARA,PEJUANG,P,HILANG DEPOSIT,2,2337,8949,1423,167162
327,10,113,SELANGOR,SEPANG,DAUD LEONG,PEGUAM,PUR,L,HILANG DEPOSIT,3,264,8949,1423,167162
444,10,113,SELANGOR,SEPANG,AIMAN ATHIRAH,,PH,P,MENANG,4,56264,8949,1423,167162
719,10,113,SELANGOR,SEPANG,M. MUNESWARAN,PENIAGA,BEBAS,L,HILANG DEPOSIT,5,194,8949,1423,167162
117,10,113,SELANGOR,SEPANG,DATUK SERI RINA HARUN,MENTETI (SEMENTARA),PN,P,KALAH,6,47315,8949,1423,167162
224,10,113,SELANGOR,SEPANG,ANUAR BIN BASIRAN,PENIAGA,BN,L,KALAH,7,31097,8949,1423,167162
968,10,113,SELANGOR,SEPANG,NAGESWARAN RAVI,,PRM,L,HILANG DEPOSIT,8,165,8949,1423,167162
651,14,114,W.P KUALA LUMPUR,KEPONG,PHAANG JING FATT,PENIAGA,PN,L,HILANG DEPOSIT,1,2795,61081,268,94385
243,14,114,W.P KUALA LUMPUR,KEPONG,SHAUN YOUNG,BERNIAGA SENDIRI,WARISAN,L,HILANG DEPOSIT,2,528,61081,268,94385
789,14,114,W.P KUALA LUMPUR,KEPONG,YAP ZHENG HOE,AHLI PERNIAGAAN,BN,L,HILANG DEPOSIT,3,3227,61081,268,94385
435,14,114,W.P KUALA LUMPUR,KEPONG,LIM LIP ENG,PEGUAM,PH,L,MENANG,4,64308,61081,268,94385
721,14,114,W.P KUALA LUMPUR,KEPONG,YEE POH PING,PENIAGA,BEBAS,L,HILANG DEPOSIT,5,1461,61081,268,94385
983,14,115,W.P KUALA LUMPUR,BATU,SITI KASIM,PEGUAM,BEBAS,P,HILANG DEPOSIT,1,653,22241,477,113810
262,14,115,W.P KUALA LUMPUR,BATU,TIAN CHUA,AHLI POLITIK,BEBAS,L,HILANG DEPOSIT,2,4603,22241,477,113810
533,14,115,W.P KUALA LUMPUR,BATU,PRABAKARAN PARAMESWARAN,,PH,L,MENANG,3,45716,22241,477,113810
787,14,115,W.P KUALA LUMPUR,BATU,ZULKIFLI FATTAH,,PRM,L,HILANG DEPOSIT,4,137,22241,477,113810
542,14,115,W.P KUALA LUMPUR,BATU,TOO GAO LAN,SELF-EMPLOYED,BEBAS,L,HILANG DEPOSIT,5,112,22241,477,113810
734,14,115,W.P KUALA LUMPUR,BATU,WAN AZLIANA,PEGUAM,PEJUANG,P,HILANG DEPOSIT,6,849,22241,477,113810
411,14,115,W.P KUALA LUMPUR,BATU,USTAZ AZHAR YAHYA,,PN,L,KALAH,7,23475,22241,477,113810
894,14,115,W.P KUALA LUMPUR,BATU,NATHAN BATU,AHLI PERNIAGAAN,WARISAN,L,HILANG DEPOSIT,8,575,22241,477,113810
641,14,115,W.P KUALA LUMPUR,BATU,A. KOHILAN PILLAY,,BN,L,HILANG DEPOSIT,9,10398,22241,477,113810
970,14,115,W.P KUALA LUMPUR,BATU,NUR FATHIAH SYAZWANA @ CLEO,PENGARAH SYARIKAT,BEBAS,P,HILANG DEPOSIT,10,628,22241,477,113810
620,14,116,W.P KUALA LUMPUR,WANGSA MAJU,ZAHIR HASSAN,,PH,L,MENANG,1,46031,20696,498,120255
690,14,116,W.P KUALA LUMPUR,WANGSA MAJU,WEE CHOO KEONG,PEGUAM,WARISAN,L,HILANG DEPOSIT,2,576,20696,498,120255
778,14,116,W.P KUALA LUMPUR,WANGSA MAJU,SHAFEI ABDULLAH,,BN,L,KALAH,3,19595,20696,498,120255
536,14,116,W.P KUALA LUMPUR,WANGSA MAJU,RAVEE SUNTHERALINGAM,,BEBAS,L,HILANG DEPOSIT,4,216,20696,498,120255
383,14,116,W.P KUALA LUMPUR,WANGSA MAJU,USTAZAH NURIDAH,TIDAK BEKERJA,PN,P,KALAH,5,25335,20696,498,120255
180,14,116,W.P KUALA LUMPUR,WANGSA MAJU,NORZAILA,KONTRAKTOR,PEJUANG,P,HILANG DEPOSIT,6,987,20696,498,120255
770,14,117,W.P KUALA LUMPUR,SEGAMBUT,PRABAGARAN,,PN,L,HILANG DEPOSIT,1,8754,59684,389,119517
711,14,117,W.P KUALA LUMPUR,SEGAMBUT,DANIEL LING SIA CHIN,,BN,L,HILANG DEPOSIT,2,8304,59684,389,119517
478,14,117,W.P KUALA LUMPUR,SEGAMBUT,HANNAH YEOH,-,PH,P,MENANG,3,68438,59684,389,119517
864,14,118,W.P KUALA LUMPUR,SETIAWANGSA,NIK NAZMI NIK AHMAD,,PH,L,MENANG,1,34434,12164,696,96044
172,14,118,W.P KUALA LUMPUR,SETIAWANGSA,BIBI SUNITA,USAHAWANITA,PEJUANG,P,HILANG DEPOSIT,2,953,12164,696,96044
603,14,118,W.P KUALA LUMPUR,SETIAWANGSA,IZUDIN BIN ISHAK,AHLI PERNIAGAAN,BN,L,KALAH,3,16333,12164,696,96044
728,14,118,W.P KUALA LUMPUR,SETIAWANGSA,STANLEY LIM YEN TIONG,BORKER SAHAM,BEBAS,L,HILANG DEPOSIT,4,282,12164,696,96044
720,14,118,W.P KUALA LUMPUR,SETIAWANGSA,MEJAR MIOR ROSLI TUDM (B),,BEBAS,L,HILANG DEPOSIT,5,492,12164,696,96044
782,14,118,W.P KUALA LUMPUR,SETIAWANGSA,NURUL FADZILAH BINTI KAMALUDDIN,PEGUAM,PN,P,KALAH,6,22270,12164,696,96044
27,14,119,W.P KUALA LUMPUR,TITIWANGSA,DR. ROSNI ADAM,DOKTOR PERGIGIAN PERSENDIRIAN,PN,P,KALAH,1,14518,4632,512,80873
594,14,119,W.P KUALA LUMPUR,TITIWANGSA,KHALID ABD SAMAD,,PH,L,KALAH,2,20410,4632,512,80873
532,14,119,W.P KUALA LUMPUR,TITIWANGSA,DATO' SRI KHAIRUDDIN BIN ABU HASSAN,AHLI PERNIAGAAN,PEJUANG,L,HILANG DEPOSIT,3,888,4632,512,80873
64,14,119,W.P KUALA LUMPUR,TITIWANGSA,DATUK SERI JOHARI GHANI,AHLI PERNIAGAAN,BN,L,MENANG,4,25042,4632,512,80873
151,14,120,W.P KUALA LUMPUR,BUKIT BINTANG,EDWIN CHEN,,PN,L,HILANG DEPOSIT,1,4259,38977,218,80085
324,14,120,W.P KUALA LUMPUR,BUKIT BINTANG,FONG KUI LUN,,PH,L,MENANG,2,43827,38977,218,80085
166,14,120,W.P KUALA LUMPUR,BUKIT BINTANG,TAN TEIK PENG,EJEN INSURANS,BN,L,HILANG DEPOSIT,3,4850,38977,218,80085
495,14,121,W.P KUALA LUMPUR,LEMBAH PANTAI,DR. ASMAH,KONSULTAN KESIHATAN DAN KECERGASAN,PEJUANG,P,HILANG DEPOSIT,1,810,13912,515,101927
583,14,121,W.P KUALA LUMPUR,LEMBAH PANTAI,HAJI FAUZI ABU BAKAR,JURU PERUNDING ARKITEK LANDSKAP & PERANCANG ALAM SEKITAR ,PN,L,KALAH,2,19098,13912,515,101927
429,14,121,W.P KUALA LUMPUR,LEMBAH PANTAI,FAHMI FADZIL,BERSARA (MANTAN AHLI PARLIMEN LEMBAH PANTAI 2018-2022),PH,L,MENANG,3,35359,13912,515,101927
169,14,121,W.P KUALA LUMPUR,LEMBAH PANTAI,RAMLAN ASKOLANI,,BN,L,KALAH,4,21447,13912,515,101927
553,14,122,W.P KUALA LUMPUR,SEPUTEH,LEE KAH HING,AHLI PERNIAGAAN,BN,L,HILANG DEPOSIT,1,6032,67187,402,124803
598,14,122,W.P KUALA LUMPUR,SEPUTEH,WONG YEE YENG,PENIAGA,PN,L,HILANG DEPOSIT,2,6047,67187,402,124803
840,14,122,W.P KUALA LUMPUR,SEPUTEH,CHOY SAN YEH,,BEBAS,P,HILANG DEPOSIT,3,865,67187,402,124803
716,14,122,W.P KUALA LUMPUR,SEPUTEH,TERESA KOK,,PH,P,MENANG,4,73234,67187,402,124803
267,14,122,W.P KUALA LUMPUR,SEPUTEH,LEE WAI HONG,PAKAR IT,BEBAS,L,HILANG DEPOSIT,5,1276,67187,402,124803
698,14,123,W.P KUALA LUMPUR,CHERAS,TAN KOK WAI,,PH,L,MENANG,1,60294,54448,300,101371
428,14,123,W.P KUALA LUMPUR,CHERAS,CHONG YEW CHUAN,SETIAUSAHA SULIT,BN,L,HILANG DEPOSIT,2,5606,54448,300,101371
73,14,123,W.P KUALA LUMPUR,CHERAS,RUBY CHIN,,PN,P,HILANG DEPOSIT,3,5846,54448,300,101371
108,14,124,W.P KUALA LUMPUR,BANDAR TUN RAZAK,DATO' SERI DR WAN AZIZAH BINTI WAN ISMAIL,,PH,P,MENANG,1,43476,9817,572,118102
354,14,124,W.P KUALA LUMPUR,BANDAR TUN RAZAK,DATUK CHEW YIN KEEN,PEGUAM,BN,L,KALAH,2,15886,9817,572,118102
256,14,124,W.P KUALA LUMPUR,BANDAR TUN RAZAK,DATO KAMARUDIN JAFFAR,TIMBALAN MENTERI,PN,L,KALAH,3,33659,9817,572,118102
485,16,125,W.P PUTRAJAYA,PUTRAJAYA,TENGKU ADNAN BIN TENGKU MANSOR,BENDAHARI AGUNG UMNO MALAYSIA,BN,L,KALAH,1,13692,2310,168,42352
501,16,125,W.P PUTRAJAYA,PUTRAJAYA,NORAISHAH MYDIN BINTI HAJI ABDUL AZIZ,,PH,P,KALAH,2,5988,2310,168,42352
681,16,125,W.P PUTRAJAYA,PUTRAJAYA,DATO' MOHD ROSLI BIN RAMLI,,PEJUANG,L,HILANG DEPOSIT,3,878,2310,168,42352
480,16,125,W.P PUTRAJAYA,PUTRAJAYA,SAMSUDIN PKPKL,,BEBAS,L,HILANG DEPOSIT,4,63,2310,168,42352
188,16,125,W.P PUTRAJAYA,PUTRAJAYA,DR. RADZI JIDIN (DRJ),,PN,L,MENANG,5,16002,2310,168,42352
293,16,125,W.P PUTRAJAYA,PUTRAJAYA,LIM FICE BEE,,BEBAS,P,HILANG DEPOSIT,6,20,2310,168,42352
408,5,126,NEGERI SEMBILAN,JELEBU,AHMAD FAKHRI,,PEJUANG,L,HILANG DEPOSIT,1,253,8125,573,59668
547,5,126,NEGERI SEMBILAN,JELEBU,JALALUDDIN BIN ALIAS,TIMBALAN MENTERI WILAYAH PERSEKUTUAN,BN,L,MENANG,2,21805,8125,573,59668
229,5,126,NEGERI SEMBILAN,JELEBU,DATO' ZULKEFLY OMAR,YANG DIPERTUA DEWAN UNDANGAN NEGERI SEMBILAN,PH,L,KALAH,3,13680,8125,573,59668
670,5,126,NEGERI SEMBILAN,JELEBU,ZAHARUDDIN BABA SAMION,,PN,L,KALAH,4,9596,8125,573,59668
946,5,127,NEGERI SEMBILAN,JEMPOL,AFFENDY SALLEH,,PN,L,KALAH,1,16722,5857,834,95822
684,5,127,NEGERI SEMBILAN,JEMPOL,TAN SRI KHALID YUNUS,PESARA KERAJAAN,PEJUANG,L,HILANG DEPOSIT,2,654,5857,834,95822
406,5,127,NEGERI SEMBILAN,JEMPOL,DATO' HAJI SHAMSHULKAHAR BIN HAJI MOHD DELI,ADUN SERTING,BN,L,MENANG,3,30138,5857,834,95822
820,5,127,NEGERI SEMBILAN,JEMPOL,NORWANI AHMAT,,PH,P,KALAH,4,24281,5857,834,95822
445,5,128,NEGERI SEMBILAN,SEREMBAN,LOKE SIEW FOOK,ADUN,PH,L,MENANG,1,63916,30841,1109,157016
14,5,128,NEGERI SEMBILAN,SEREMBAN,IZZAT LESLY,,BEBAS,L,HILANG DEPOSIT,2,373,30841,1109,157016
537,5,128,NEGERI SEMBILAN,SEREMBAN,FELICIA WONG,,BN,L,KALAH,3,24584,30841,1109,157016
190,5,128,NEGERI SEMBILAN,SEREMBAN,SJN (B) MOHAMAD JANI,,PEJUANG,L,HILANG DEPOSIT,4,1336,30841,1109,157016
70,5,128,NEGERI SEMBILAN,SEREMBAN,HAJI FADLI CHE ME,,PN,L,KALAH,5,33075,30841,1109,157016
149,5,129,NEGERI SEMBILAN,KUALA PILAH,KAMARULZAMAN KAMDIAS,PENGERUSI YAYASAN MINDA KEBANGSAAN ,PEJUANG,L,HILANG DEPOSIT,1,406,6483,489,63125
60,5,129,NEGERI SEMBILAN,KUALA PILAH,EDDIN SYAZLEE,,PN,L,KALAH,2,11560,6483,489,63125
291,5,129,NEGERI SEMBILAN,KUALA PILAH,AZMAN BIN IDRIS,AHLI PERNIAGAAN ,WARISAN,L,HILANG DEPOSIT,3,333,6483,489,63125
216,5,129,NEGERI SEMBILAN,KUALA PILAH,NOR AZMAN MOHAMAD ,BEKERJA SENDIRI ,PH,L,KALAH,4,14940,6483,489,63125
355,5,129,NEGERI SEMBILAN,KUALA PILAH,DATO' HJ ADNAN HJ ABU HASSAN ,ADUN SENALING,BN,L,MENANG,5,21423,6483,489,63125
129,5,130,NEGERI SEMBILAN,RASAH,NG KIAN NAM,PEGUAM,BN,L,KALAH,1,19447,61987,903,155258
42,5,130,NEGERI SEMBILAN,RASAH,DAVID CHOONG,,PN,L,KALAH,2,18810,61987,903,155258
244,5,130,NEGERI SEMBILAN,RASAH,CHA KEE CHIN,,PH,L,MENANG,3,81434,61987,903,155258
225,5,131,NEGERI SEMBILAN,REMBAU,HJ. NAZREE YUNUS,USAHAWAN,PN,L,KALAH,1,21875,19897,826,133229
693,5,131,NEGERI SEMBILAN,REMBAU,TOK MAT,ADUN RANTAU,BN,L,MENANG,2,53075,19897,826,133229
311,5,131,NEGERI SEMBILAN,REMBAU,JUFITRI JOHA,BEKERJA SENDIRI,PH,L,KALAH,3,33178,19897,826,133229
142,5,131,NEGERI SEMBILAN,REMBAU,CIKGU TINA,CIKGU TUISYEN,PSM,L,HILANG DEPOSIT,4,779,19897,826,133229
38,5,131,NEGERI SEMBILAN,REMBAU,RAMLY BIN AWALLUDIN,PESARA,PEJUANG,L,HILANG DEPOSIT,5,529,19897,826,133229
226,5,132,NEGERI SEMBILAN,PORT DICKSON,CIKGU HAJI RAFIEI MUSTAPHA,,PN,L,KALAH,1,18235,23601,1089,104941
592,5,132,NEGERI SEMBILAN,PORT DICKSON,DATUK P.KAMALANATHAN,,BN,L,KALAH,2,18412,23601,1089,104941
372,5,132,NEGERI SEMBILAN,PORT DICKSON,RANI KULUP,,BEBAS,L,HILANG DEPOSIT,3,441,23601,1089,104941
491,5,132,NEGERI SEMBILAN,PORT DICKSON,DR. AHMAD IDHAM BIN AHMAD NADZRI,,PEJUANG,L,HILANG DEPOSIT,4,1084,23601,1089,104941
57,5,132,NEGERI SEMBILAN,PORT DICKSON,DATO' SERI AMINUDDIN BIN HARUN,MENTERI BESAR,PH,L,MENANG,5,42013,23601,1089,104941
19,5,133,NEGERI SEMBILAN,TAMPIN,MOHD ISAM BIN MOHD ISA,ADUN GEMENCHEH,BN,L,MENANG,1,23283,1276,781,80564
299,5,133,NEGERI SEMBILAN,TAMPIN,USTAZ ZAMANI IBRAHIM,,PEJUANG,L,HILANG DEPOSIT,2,781,1276,781,80564
152,5,133,NEGERI SEMBILAN,TAMPIN,MEJAR (B) ABDUL HALIM,,PN,L,KALAH,3,14962,1276,781,80564
69,5,133,NEGERI SEMBILAN,TAMPIN,FAIZ FADZIL,PEGUAM,PH,L,KALAH,4,22007,1276,781,80564
361,4,134,MELAKA,MASJID TANAH,ABDUL HAKIM BIN ABDUL WAHID,,BN,L,KALAH,1,21193,4411,406,69148
99,4,134,MELAKA,MASJID TANAH,MAS ERMIEYATI,AHLI POLITIK,PN,P,MENANG,2,25604,4411,406,69148
275,4,134,MELAKA,MASJID TANAH,MUTALIB UTHMAN ,USAHAWAN,MUDA,L,KALAH,3,7445,4411,406,69148
184,4,134,MELAKA,MASJID TANAH,HANDRAWIRAWAN BIN ABU BAKAR,BERNIAGA,PEJUANG,L,HILANG DEPOSIT,4,507,4411,406,69148
111,4,135,MELAKA,ALOR GAJAH,SHAHRIL HAMDAN,,BN,L,KALAH,1,27288,890,726,93176
352,4,135,MELAKA,ALOR GAJAH,ADLY ZAHARI,AHLI DEWAN UNDANGAN NEGERI BUKIT KATIL,PH,L,MENANG,2,28178,890,726,93176
486,4,135,MELAKA,ALOR GAJAH,PAK WAN (DATUK SERI MOHD REDZUAN BIN MD YUSOF),AHLI POLITIK,PN,L,KALAH,3,17211,890,726,93176
249,4,135,MELAKA,ALOR GAJAH,MUHAMMAD NAZRIQ ABDUL RAHMAN,BEKERJA SENDIRI,PEJUANG,L,HILANG DEPOSIT,4,323,890,726,93176
164,4,136,MELAKA,TANGGA BATU,GHAZALI BIN ABU,,PEJUANG,L,HILANG DEPOSIT,1,702,8849,719,115480
403,4,136,MELAKA,TANGGA BATU,SHAHRIL MAHMOOD,,BEBAS,L,HILANG DEPOSIT,2,267,8849,719,115480
507,4,136,MELAKA,TANGGA BATU,BAKRI JAMALUDDIN,,PN,L,MENANG,3,37406,8849,719,115480
283,4,136,MELAKA,TANGGA BATU,PROF. MADYA RUSNAH ALUAI,PESARA,PH,P,KALAH,4,28557,8849,719,115480
676,4,136,MELAKA,TANGGA BATU,DATUK LIM BAN HONG,ADUN KLEBANG,BN,L,KALAH,5,25095,8849,719,115480
128,4,137,MELAKA,HANG TUAH JAYA,ADAM ADLI,,PH,L,MENANG,1,39418,8638,737,118342
377,4,137,MELAKA,HANG TUAH JAYA,SHEIKH IKHZAN,PEGUAM,PEJUANG,L,HILANG DEPOSIT,2,739,8638,737,118342
223,4,137,MELAKA,HANG TUAH JAYA,MOHD RIDHWAN BIN MOHD ALI,,BN,L,KALAH,3,30780,8638,737,118342
305,4,137,MELAKA,HANG TUAH JAYA,MOHD AZRUDIN BIN MD IDRIS,AHLI PERNIAGAAN,PN,L,KALAH,4,23549,8638,737,118342
217,4,138,MELAKA,KOTA MELAKA,KHOO POAY TIONG,,PH,L,MENANG,1,73995,46420,1338,164129
160,4,138,MELAKA,KOTA MELAKA,KON QI YAO,AHLI PENIAGA,BN,L,KALAH,2,20686,46420,1338,164129
326,4,138,MELAKA,KOTA MELAKA,DATO' DR. NORAZLAN,USAHAWAN,BEBAS,L,HILANG DEPOSIT,3,925,46420,1338,164129
394,4,138,MELAKA,KOTA MELAKA,SUHAIME BORHAN,AHLI PERNIAGAAN,PN,L,KALAH,4,27575,46420,1338,164129
331,4,139,MELAKA,JASIN,DATUK HARUN ,AHLI PERNIAGAAN,PH,L,KALAH,1,21674,322,553,96163
173,4,139,MELAKA,JASIN,ROSLAN BIN AHMAD,,BN,L,KALAH,2,27571,322,553,96163
266,4,139,MELAKA,JASIN,MOHD DAUD NASIR,BERNIAGA,PEJUANG,L,HILANG DEPOSIT,3,460,322,553,96163
397,4,139,MELAKA,JASIN,TUAN GURU ZULKIFLI ISMAIL,,PN,L,MENANG,4,27893,322,553,96163
399,1,140,JOHOR,SEGAMAT,SYED HAIROUL,,PEJUANG,L,HILANG DEPOSIT,1,1062,5669,586,69489
556,1,140,JOHOR,SEGAMAT,TAN SRI M RAMASAMY,,BN,L,KALAH,2,17768,5669,586,69489
1215,1,140,JOHOR,SEGAMAT,R. YUNESWARAN,,PH,L,MENANG,3,23437,5669,586,69489
181,1,140,JOHOR,SEGAMAT,POOBALAN PONNUSAMY,,PN,L,KALAH,4,8385,5669,586,69489
154,1,141,JOHOR,SEKIJANG,MD SALLEHEEN BIN MOHAMAD,,BN,L,KALAH,1,17207,1734,475,63896
122,1,141,JOHOR,SEKIJANG,UZZAIR BIN ISMAIL,,PN,L,KALAH,2,11612,1734,475,63896
257,1,141,JOHOR,SEKIJANG,DR. MOHD ZOHAR,,WARISAN,L,HILANG DEPOSIT,3,339,1734,475,63896
10,1,141,JOHOR,SEKIJANG,DR. ZALIHA MUSTAFA,,PH,P,MENANG,4,18941,1734,475,63896
112,1,141,JOHOR,SEKIJANG,SAIFUL FAIZAL,,PEJUANG,L,HILANG DEPOSIT,5,138,1734,475,63896
416,1,142,JOHOR,LABIS,ALVIN CHANG,,PN,L,KALAH,1,5312,2833,434,49915
342,1,142,JOHOR,LABIS,PANG HOK LIONG,,PH,L,MENANG,2,16133,2833,434,49915
97,1,142,JOHOR,LABIS,CHUA TEE YONG,,BN,L,KALAH,3,13300,2833,434,49915
124,1,143,JOHOR,PAGOH,DATUK SERI RAZALI IBRAHIM,,BN,L,KALAH,1,14426,10007,419,69942
11,1,143,JOHOR,PAGOH,TAN SRI MUHYIDDIN BIN MD YASIN,,PN,L,MENANG,2,24986,10007,419,69942
208,1,143,JOHOR,PAGOH,ISKANDAR SHAH,,PH,L,KALAH,3,14979,10007,419,69942
348,1,144,JOHOR,LEDANG,SYED IBRAHIM SYED NOH,,PH,L,MENANG,1,33650,9769,838,104433
604,1,144,JOHOR,LEDANG,ZAINAL BAHROM,,BEBAS,L,HILANG DEPOSIT,2,75,9769,838,104433
559,1,144,JOHOR,LEDANG,CIKGU YUNUS,,BEBAS,L,HILANG DEPOSIT,3,140,9769,838,104433
497,1,144,JOHOR,LEDANG,RAFIDAH RIDWAN,,PEJUANG,P,HILANG DEPOSIT,4,269,9769,838,104433
401,1,144,JOHOR,LEDANG,HAMIM SAMURI,,BN,L,KALAH,5,23881,9769,838,104433
481,1,144,JOHOR,LEDANG,ZAIDI HJ MAJID,,PN,L,KALAH,6,22292,9769,838,104433
1121,1,145,JOHOR,BAKRI,R. S. CHELVA,,PN,L,KALAH,1,17222,19254,742,97386
84,1,145,JOHOR,BAKRI,CHRIS LEE CHING YONG,,BN,L,KALAH,2,17382,19254,742,97386
95,1,145,JOHOR,BAKRI,TAN HONG PIN,,PH,L,MENANG,3,36636,19254,742,97386
222,1,145,JOHOR,BAKRI,HARON JAFFAR,,BEBAS,L,HILANG DEPOSIT,4,1900,19254,742,97386
701,1,146,JOHOR,MUAR,MOHD HELMY ABD.LATIF,,BN,L,KALAH,1,14581,1345,374,68915
710,1,146,JOHOR,MUAR,USTAZ ABDULLAH HUSIN,,PN,L,KALAH,2,18616,1345,374,68915
697,1,146,JOHOR,MUAR,SYED SADDIQ,,MUDA,L,MENANG,3,19961,1345,374,68915
440,1,147,JOHOR,PARIT SULONG,NORAINI AHMAD,,BN,P,MENANG,1,25740,2021,499,79467
239,1,147,JOHOR,PARIT SULONG,DR KARIM,,PN,L,KALAH,2,23719,2021,499,79467
278,1,147,JOHOR,PARIT SULONG,MOHD FAIZAL DOLAH,,PH,L,KALAH,3,13495,2021,499,79467
605,1,148,JOHOR,AYER HITAM,WEE KA SIONG,,BN,L,MENANG,1,18911,2963,361,61013
618,1,148,JOHOR,AYER HITAM,SHEIKH OMAR,,PH,L,KALAH,2,15948,2963,361,61013
612,1,148,JOHOR,AYER HITAM,SYAFIQ AZIZ,,PN,L,KALAH,3,11833,2963,361,61013
247,1,149,JOHOR,SRI GADING,CIKGU HUDA,,PH,L,MENANG,1,23242,4000,636,78480
427,1,149,JOHOR,SRI GADING,ZANARIYAH ,,PN,P,KALAH,2,18475,4000,636,78480
26,1,149,JOHOR,SRI GADING,DATUK LASSIM BURHAN,,BN,L,KALAH,3,19242,4000,636,78480
504,1,149,JOHOR,SRI GADING,MAHDZIR BIN IBRAHIM,,PEJUANG,L,HILANG DEPOSIT,4,305,4000,636,78480
12,1,150,JOHOR,BATU PAHAT,ONN BIN ABU BAKAR,,PH,L,MENANG,1,45242,15972,846,133887
155,1,150,JOHOR,BATU PAHAT,ZAHARI BIN OSMAN,,PRM,L,HILANG DEPOSIT,2,263,15972,846,133887
78,1,150,JOHOR,BATU PAHAT,ISHAK SIRAJ ,,BN,L,KALAH,3,24309,15972,846,133887
413,1,150,JOHOR,BATU PAHAT,NIZAM BASHIR,,PEJUANG,L,HILANG DEPOSIT,4,410,15972,846,133887
281,1,150,JOHOR,BATU PAHAT,DATO' RASHID HASNON,,PN,L,KALAH,5,29270,15972,846,133887
44,1,151,JOHOR,SIMPANG RENGGAM,DR MASZLEE MALIK,,PH,L,KALAH,1,16491,1821,538,59003
303,1,151,JOHOR,SIMPANG RENGGAM,KAMAL,,PEJUANG,L,HILANG DEPOSIT,2,251,1821,538,59003
306,1,151,JOHOR,SIMPANG RENGGAM,FAZRUL KAMAT,,PN,L,KALAH,3,9077,1821,538,59003
7,1,151,JOHOR,SIMPANG RENGGAM,HASNI BIN MOHAMMAD,,BN,L,MENANG,4,18312,1821,538,59003
77,1,152,JOHOR,KLUANG,GAN PING SIEU,,BN,L,KALAH,1,23395,26406,1204,132019
192,1,152,JOHOR,KLUANG,WONG SHU QI,,PH,P,MENANG,2,49801,26406,1204,132019
13,1,152,JOHOR,KLUANG,Ir. U. RAMENDRAN,,BEBAS,L,HILANG DEPOSIT,3,404,26406,1204,132019
141,1,152,JOHOR,KLUANG,DZULKARNAIN BIN ALIAS,,PN,L,KALAH,4,22021,26406,1204,132019
505,1,153,JOHOR,SEMBRONG,HISHAMMUDDIN HUSSEIN,,BN,L,MENANG,1,22572,10880,390,55067
443,1,153,JOHOR,SEMBRONG,HASNI ABAS,,PH,L,KALAH,2,11692,10880,390,55067
487,1,153,JOHOR,SEMBRONG,JOE AZIZ,,PN,L,KALAH,3,6666,10880,390,55067
830,1,154,JOHOR,MERSING,ZULAIKHA ZAIDI,,PH,P,KALAH,1,6813,2337,388,66320
823,1,154,JOHOR,MERSING,ISMAIL BIN DON,,BEBAS,L,HILANG DEPOSIT,2,89,2337,388,66320
886,1,154,JOHOR,MERSING,ISLAHUDDIN ABAS,,PN,L,MENANG,3,21066,2337,388,66320
863,1,154,JOHOR,MERSING,NURFATIMAH IBRAHIM,,PEJUANG,P,HILANG DEPOSIT,4,209,2337,388,66320
817,1,154,JOHOR,MERSING,ABD LATIF BANDI,,BN,L,KALAH,5,18729,2337,388,66320
214,1,155,JOHOR,TENGGARA,MANNDZRI BIN NASIB,,BN,L,MENANG,1,21185,2991,446,67115
433,1,155,JOHOR,TENGGARA,AZHAR PALAL,,PEJUANG,L,HILANG DEPOSIT,2,353,2991,446,67115
538,1,155,JOHOR,TENGGARA,KOLONEL NAZARI,,PN,L,KALAH,3,18194,2991,446,67115
523,1,155,JOHOR,TENGGARA,ZURAIDAH CHEDAH,,PH,P,KALAH,4,11618,2991,446,67115
59,1,156,JOHOR,KOTA TINGGI,KHALED NORDIN ,,BN,L,MENANG,1,25410,8390,318,61307
35,1,156,JOHOR,KOTA TINGGI,RIDHWAN RASMAN,,PN,L,KALAH,2,17020,8390,318,61307
237,1,156,JOHOR,KOTA TINGGI,ONN JAAFAR,,PH,L,HILANG DEPOSIT,3,4903,8390,318,61307
521,1,157,JOHOR,PENGERANG,CIKGU IMAM NIZAR,,PN,L,KALAH,1,16728,5010,319,55984
374,1,157,JOHOR,PENGERANG,AZALINA OTHMAN SAID,,BN,P,MENANG,2,21738,5010,319,55984
455,1,157,JOHOR,PENGERANG,CHE ZAKARIA BIN MOHD SALLEH,,PH,L,HILANG DEPOSIT,3,3374,5010,319,55984
474,1,158,JOHOR,TEBRAU,JIMMY PUAH WEE TSE,,PH,L,MENANG,1,83959,30720,1014,222337
126,1,158,JOHOR,TEBRAU,MOHAMAD ISA BIN MOHAMAD BASIR,,PN,L,KALAH,2,53239,30720,1014,222337
314,1,158,JOHOR,TEBRAU,NICOLE WONG,,BN,P,KALAH,3,30767,30720,1014,222337
68,1,159,JOHOR,PASIR GUDANG,NOOR AZLEEN AMBROS,,BN,L,KALAH,1,37369,31558,1298,197518
170,1,159,JOHOR,PASIR GUDANG,HASSAN ABDUL KARIM,,PH,L,MENANG,2,71233,31558,1298,197518
384,1,159,JOHOR,PASIR GUDANG,MOHAMAD FARID BIN ABDUL RAZAK,,PN,L,KALAH,3,39675,31558,1298,197518
20,1,159,JOHOR,PASIR GUDANG,MOHAMMAD RAFFI BERAN,,PEJUANG,L,HILANG DEPOSIT,4,1003,31558,1298,197518
2,1,160,JOHOR,JOHOR BAHRU,JOHAN ROPI,,BN,L,KALAH,1,27211,16041,837,136456
63,1,160,JOHOR,JOHOR BAHRU,MOHTAJ,,PN,L,KALAH,2,22075,16041,837,136456
167,1,160,JOHOR,JOHOR BAHRU,HAIRY MAHMOOD,,PEJUANG,L,HILANG DEPOSIT,3,1855,16041,837,136456
45,1,160,JOHOR,JOHOR BAHRU,AKMAL NASIR,,PH,L,MENANG,4,43252,16041,837,136456
21,1,161,JOHOR,PULAI,NUR JAZLAN,,BN,L,KALAH,1,31726,33174,763,165005
74,1,161,JOHOR,PULAI,LOH KAH YONG,,PN,L,KALAH,2,20677,33174,763,165005
54,1,161,JOHOR,PULAI,DATUK SERI SALAHUDDIN AYUB,,PH,L,MENANG,3,64900,33174,763,165005
168,1,162,JOHOR,ISKANDAR PUTERI,JASHEN TAN,,PN,L,KALAH,1,30078,60036,1315,221706
25,1,162,JOHOR,ISKANDAR PUTERI,DATUK JASON TEOH,,BN,L,KALAH,2,36783,60036,1315,221706
179,1,162,JOHOR,ISKANDAR PUTERI,LIEW CHIN TONG,,PH,L,MENANG,3,96819,60036,1315,221706
846,1,163,JOHOR,KULAI,CHUA JIAN BOON,,BN,L,KALAH,1,29506,36023,857,150852
848,1,163,JOHOR,KULAI,TEO NIE CHING,,PH,P,MENANG,2,65529,36023,857,150852
844,1,163,JOHOR,KULAI,DATO' TAN,,PN,L,KALAH,3,20218,36023,857,150852
517,1,164,JOHOR,PONTIAN,CIKGU ISA BIN AB HAMID,,PN,L,KALAH,1,17443,5758,620,75237
41,1,164,JOHOR,PONTIAN,DATUK SERI AHMAD MASLAN,,BN,L,MENANG,2,23201,5758,620,75237
325,1,164,JOHOR,PONTIAN,SHAZWAN ZDAINAL,,PH,L,KALAH,3,15901,5758,620,75237
461,1,164,JOHOR,PONTIAN,JAMALUDDIN MOHAMAD,,PEJUANG,L,HILANG DEPOSIT,4,306,5758,620,75237
287,1,165,JOHOR,TANJUNG PIAI,NAJWAH HALIMAH,,PN,P,KALAH,1,13762,6360,395,70666
271,1,165,JOHOR,TANJUNG PIAI,WEE JECK SENG,,BN,L,MENANG,2,23593,6360,395,70666
65,1,165,JOHOR,TANJUNG PIAI,LIM WEI JIET,,MUDA,L,KALAH,3,17233,6360,395,70666
606,15,166,W.P LABUAN,LABUAN,RAMLE,AHLI PERNIAGAAN ,PEJUANG,L,HILANG DEPOSIT,1,90,708,246,44501
203,15,166,W.P LABUAN,LABUAN,DATO' DR. SUHAILI ABDUL RAHMAN,AHLI PERNIAGAAN ,PN,L,MENANG,2,8124,708,246,44501
347,15,166,W.P LABUAN,LABUAN,BASHIR BIN ALIAS,,BN,L,KALAH,3,7416,708,246,44501
508,15,166,W.P LABUAN,LABUAN,DATUK WIRA DR RAMLI,DOKTOR PERUBATAN SWASTA,PH,L,KALAH,4,5307,708,246,44501
432,15,166,W.P LABUAN,LABUAN,DATUK ROZMAN ISLI,,WARISAN,L,KALAH,5,7310,708,246,44501
808,15,166,W.P LABUAN,LABUAN,DAYANG RUSIMAH @ RAYNIE BINTI DATUK HJ. MOHD. DIN,BERNIAGA,PBM,P,HILANG DEPOSIT,6,202,708,246,44501
218,12,167,SABAH,KUDAT,RUDDY BIN AWAH,"PEMBANTU MENTERI SAINS, TEKNOLOGI DAN INOVASI",GRS,L,KALAH,1,14356,1967,714,75509
962,12,167,SABAH,KUDAT,PETRONELLA USUN,"PEGAWAI KHAS & KETUA JABATAN , JABATAN HUBUNGAN STRATEGIK ",PEJUANG,P,HILANG DEPOSIT,2,282,1967,714,75509
712,12,167,SABAH,KUDAT,RASHID BIN ABDUL HARUN,,WARISAN,L,KALAH,3,9421,1967,714,75509
575,12,167,SABAH,KUDAT,VERDON BIN BAHANDA,BERNIAGA,BEBAS,L,MENANG,4,16323,1967,714,75509
841,12,167,SABAH,KUDAT,THONNY CHEE,PERUNDING UNDANG-UNDANG DAN PELABURAN,PH,L,HILANG DEPOSIT,5,4726,1967,714,75509
569,12,168,SABAH,KOTA MARUDU,MOHD AZMI BIN HJ ZULKIFLEE,,PEJUANG,L,HILANG DEPOSIT,1,279,8174,755,80477
350,12,168,SABAH,KOTA MARUDU,SHAHRIZAL DENCI,AHLI PERNIAGAAN,MUDA,L,HILANG DEPOSIT,2,3225,8174,755,80477
482,12,168,SABAH,KOTA MARUDU,NORMAN BIN TULANG (TAS),,BEBAS,L,HILANG DEPOSIT,3,660,8174,755,80477
662,12,168,SABAH,KOTA MARUDU,JILID @ ZAINUDDIN BIN KUMINDING,,WARISAN,L,HILANG DEPOSIT,4,5320,8174,755,80477
196,12,168,SABAH,KOTA MARUDU,DR.MAXIMUS@JOHNITY ONGKILI,MENTERI DI JPM(SARAWAK),GRS,L,KALAH,5,16144,8174,755,80477
85,12,168,SABAH,KOTA MARUDU, DATUK WETROM BAHANDA,AHLI POLITIK,KDM,L,MENANG,6,24318,8174,755,80477
724,12,169,SABAH,KOTA BELUD,MADELI @ MODILY BIN BANGALI,,PH,L,KALAH,1,8323,4582,749,79668
269,12,169,SABAH,KOTA BELUD,DATUK SERI PANGLIMA  ABD RAHMAN BIN DAHLAN,AHLI POLITIK,BN,L,KALAH,2,20566,4582,749,79668
635,12,169,SABAH,KOTA BELUD,MUNIRAH MAJILIS,,WARISAN,P,MENANG,3,25148,4582,749,79668
359,12,170,SABAH,TUARAN,MADIUS TANGAU,,PH,L,MENANG,1,24943,233,746,82991
859,12,170,SABAH,TUARAN,BOBY BIN LEWAT,,BEBAS,L,HILANG DEPOSIT,2,393,233,746,82991
692,12,170,SABAH,TUARAN,NOORTAIP BIN SUHAILI @ SUALEE,USAHAWAN,BEBAS,L,HILANG DEPOSIT,3,2008,233,746,82991
795,12,170,SABAH,TUARAN,JO-ANNA SUE HENLEY RAMPAS,,WARISAN,P,HILANG DEPOSIT,4,5728,233,746,82991
465,12,170,SABAH,TUARAN,MUMININ B. NORBINSHA,,PEJUANG,L,HILANG DEPOSIT,5,445,233,746,82991
198,12,170,SABAH,TUARAN,JONISTON BANGKUAI,PEMBANTU MENTERI,GRS,L,KALAH,6,24710,233,746,82991
423,12,171,SABAH,SEPANGGAR,MOHD AZIS JAMMAN,,WARISAN,L,KALAH,1,18594,7042,975,107463
743,12,171,SABAH,SEPANGGAR,YAKUB KHAN,MENTERI,BN,L,KALAH,2,19980,7042,975,107463
803,12,171,SABAH,SEPANGGAR,YUSOF BIN KUNCHANG,,PEJUANG,L,HILANG DEPOSIT,3,731,7042,975,107463
253,12,171,SABAH,SEPANGGAR,MUSTAPHA SAKMUD,PENIAGA,PH,L,MENANG,4,27022,7042,975,107463
616,12,171,SABAH,SEPANGGAR,JUMARDIE LUKMAN,,KDM,L,HILANG DEPOSIT,5,3977,7042,975,107463
175,12,172,SABAH,KOTA KINABALU,YEO YAN YIN @ AMANDA,PENGANALISIS PENYELIDIK,WARISAN,P,KALAH,1,7576,23783,357,74248
607,12,172,SABAH,KOTA KINABALU,MARCEL JUDE,ADVOCATE & SOLICITOR,BEBAS,L,HILANG DEPOSIT,2,137,23783,357,74248
687,12,172,SABAH,KOTA KINABALU,WINSTON LIAW KIT SIONG,PENIAGA,KDM,L,HILANG DEPOSIT,3,456,23783,357,74248
453,12,172,SABAH,KOTA KINABALU,CHAN FOONG HIN,,PH,L,MENANG,4,31359,23783,357,74248
18,12,172,SABAH,KOTA KINABALU,YEE TSAI YIEW,PEGUAM,GRS,P,HILANG DEPOSIT,5,4592,23783,357,74248
418,12,173,SABAH,PUTATAN,AWANG HUSAINI BIN SAHARI,,PH,L,KALAH,1,16110,124,789,63017
304,12,173,SABAH,PUTATAN,SHAHELMEY BIN YAHYA,MENTERI,BN,L,MENANG,2,16234,124,789,63017
659,12,173,SABAH,PUTATAN,POYNE B. TUDUS @ PATRICK PAYNE,,PEJUANG,L,HILANG DEPOSIT,3,394,124,789,63017
551,12,173,SABAH,PUTATAN,AHMAD BIN MOHD SAID,KERJA SENDIRI,WARISAN,L,KALAH,4,8511,124,789,63017
93,12,174,SABAH,PENAMPANG,EWON BENEDICK,AHLI DEWAN UNDANGAN NEGERI SABAH,PH,L,MENANG,1,29066,14410,445,76807
292,12,174,SABAH,PENAMPANG,RICHARD JIMMY,BEKERJA SENDIRI,BEBAS,L,HILANG DEPOSIT,2,289,14410,445,76807
470,12,174,SABAH,PENAMPANG,KENNY CHUA TECK HO,AHLI PERNIAGAAN,GRS,L,KALAH,3,6719,14410,445,76807
576,12,174,SABAH,PENAMPANG,DARELL LEIKING,AHLI DEWAN UNDANGAN NEGERI SABAH N26 MOYOG,WARISAN,L,KALAH,4,14656,14410,445,76807
866,12,175,SABAH,PAPAR,NICHOLAS SYLVESTER @ BERRY,EXECUTIVE CHAIRMAN,PEJUANG,L,HILANG DEPOSIT,1,783,12224,663,59675
918,12,175,SABAH,PAPAR,NORBERT CHIN,,BEBAS,L,HILANG DEPOSIT,2,231,12224,663,59675
176,12,175,SABAH,PAPAR,HENRY SHIM,PENIAGA,PH,L,KALAH,3,9144,12224,663,59675
771,12,175,SABAH,PAPAR,JOHNNY SITAMIN,,BEBAS,L,HILANG DEPOSIT,4,335,12224,663,59675
589,12,175,SABAH,PAPAR,HJ. AHMAD HASSAN,,WARISAN,L,KALAH,5,10396,12224,663,59675
685,12,175,SABAH,PAPAR,DATUK ARMIZAN BIN MOHD ALI,,GRS,L,MENANG,6,22620,12224,663,59675
586,12,176,SABAH,KIMANIS,MOHAMAD BIN ALAMIN,TIMBALAN MENTERI,BN,L,MENANG,1,13004,3037,344,40652
763,12,176,SABAH,KIMANIS,DAUD BIN YUSOF,,WARISAN,L,KALAH,2,9967,3037,344,40652
822,12,176,SABAH,KIMANIS,YUSOP BIN OSMAN,,PEJUANG,L,HILANG DEPOSIT,3,153,3037,344,40652
669,12,176,SABAH,KIMANIS,ROWINDY LAWRENCE ODONG,AHLI PERNIAGAAN,PH,P,KALAH,4,3931,3037,344,40652
942,12,176,SABAH,KIMANIS,AMAT BIN MD YUSOF,,KDM,L,KALAH,5,4013,3037,344,40652
705,12,177,SABAH,BEAUFORT,DIKIN BIN MUSAH,PESARA KERAJAAN,PH,L,KALAH,1,7835,2518,552,43218
931,12,177,SABAH,BEAUFORT,MATLANI BIN SABLI,BEKERJA SENDIRI,BEBAS,L,HILANG DEPOSIT,2,143,2518,552,43218
876,12,177,SABAH,BEAUFORT,JOHAN @ CHRISTOPHER BIN O T GHANI,,BEBAS,L,HILANG DEPOSIT,3,546,2518,552,43218
785,12,177,SABAH,BEAUFORT,MASRI BIN ADUL,,WARISAN,L,HILANG DEPOSIT,4,2152,2518,552,43218
98,12,177,SABAH,BEAUFORT,DATUK SITI AMINAH BINTI ACHING,SETIAUSAHA POLITIK,BN,P,MENANG,5,10570,2518,552,43218
389,12,177,SABAH,BEAUFORT,DATUK HJH.JOHAIR MAT LANI,USAHAWAN,KDM,P,KALAH,6,8052,2518,552,43218
4,12,178,SABAH,SIPITANG,DATUK MATBALI BIN MUSAH,,GRS,L,MENANG,1,14459,4691,647,45637
103,12,178,SABAH,SIPITANG,LAHIRUL,,PH,L,KALAH,2,4834,4691,647,45637
260,12,178,SABAH,SIPITANG,ADNAN BIN OKK PUTEH,PEGUAM,WARISAN,L,KALAH,3,9768,4691,647,45637
545,12,179,SABAH,RANAU,TAUFIK DAHLAN,PENIAGA,PH,L,KALAH,1,11514,11092,383,66349
944,12,179,SABAH,RANAU,JONATHAN YASIN,MANTAN TIMBALAN MENTERI,GRS,L,MENANG,2,22606,11092,383,66349
730,12,179,SABAH,RANAU,AZIZUL JULIRIN,PENGARAH URUSAN,PEJUANG,L,HILANG DEPOSIT,3,1267,11092,383,66349
990,12,179,SABAH,RANAU,MARKOS SITON,,WARISAN,L,HILANG DEPOSIT,4,2657,11092,383,66349
624,12,179,SABAH,RANAU,EWON BIN EBIN,,PBRS,L,HILANG DEPOSIT,5,4254,11092,383,66349
199,12,180,SABAH,KENINGAU,GRELYDIA GILLOD,JURNALIS BEBAS,PH,P,KALAH,1,15099,8056,424,87371
22,12,180,SABAH,KENINGAU,RASININ BIN KOUTIS @ KAUTIS,,WARISAN,L,KALAH,2,7020,8056,424,87371
526,12,180,SABAH,KENINGAU,DATUK SERI PANGLIMA DR.JEFFREY G.KITINGAN,TIMBALAN KETUA MENTERI,GRS,L,MENANG,3,23155,8056,424,87371
344,12,180,SABAH,KENINGAU,DATUK JAKE NOINTIN,PESARA,KDM,L,KALAH,4,9598,8056,424,87371
276,12,181,SABAH,TENOM,NOORITA SUAL,,PH,P,KALAH,1,8919,1108,385,41933
560,12,181,SABAH,TENOM,JAMAWI BIN JA'AFAR,AHLI PERNIAGAAN,BN,L,KALAH,2,8625,1108,385,41933
713,12,181,SABAH,TENOM,RIDUAN BIN RUBIN,,BEBAS,L,MENANG,3,10027,1108,385,41933
762,12,181,SABAH,TENOM,UKIM BUANDI,,WARISAN,L,HILANG DEPOSIT,4,992,1108,385,41933
801,12,181,SABAH,TENOM,PEGGY CHAW ZHI TING,BISNES SENDIRI,BEBAS,P,HILANG DEPOSIT,5,86,1108,385,41933
235,12,182,SABAH,PENSIANGAN,JAMANI BIN DERIMIN,BERNIAGA,PEJUANG,L,HILANG DEPOSIT,1,124,5412,383,55453
793,12,182,SABAH,PENSIANGAN,SITI NOORHASMAHWATTY OSMAN,,WARISAN,L,HILANG DEPOSIT,2,1512,5412,383,55453
566,12,182,SABAH,PENSIANGAN,JEKERISON KILAN,,KDM,L,HILANG DEPOSIT,3,1640,5412,383,55453
338,12,182,SABAH,PENSIANGAN,SANGKAR BIN RASAM,,PH,L,KALAH,4,14211,5412,383,55453
89,12,182,SABAH,PENSIANGAN,DATUK ARTHUR JOSEPH KURUP,,BN,L,MENANG,5,19623,5412,383,55453
1058,12,183,SABAH,BELURAN,BENEDICT ASMAT,,BN,L,KALAH,1,9709,1594,534,44523
1078,12,183,SABAH,BELURAN,ROWIENA RASID,PEGUAM SWASTA,WARISAN,P,KALAH,2,3707,1594,534,44523
1032,12,183,SABAH,BELURAN,HAUSING BIN SAMSUDIN @ SUDIN,,PEJUANG,L,HILANG DEPOSIT,3,155,1594,534,44523
893,12,183,SABAH,BELURAN,RONALD KIANDEE,MENTERI (CARETAKER),PN,L,MENANG,4,11303,1594,534,44523
1015,12,183,SABAH,BELURAN,FELIX JOSEPH SAANG,AHLI PERNIAGAAN,PH,L,KALAH,5,4460,1594,534,44523
901,12,184,SABAH,LIBARAN,NORDIN BIN KHANI,BERNIAGA,PPRS,L,HILANG DEPOSIT,1,541,12618,907,71375
113,12,184,SABAH,LIBARAN,DR PETER JR NAINTIN,,PH,L,KALAH,2,10351,12618,907,71375
976,12,184,SABAH,LIBARAN,HJ. AMDAN BIN TUMPONG,,BEBAS,L,HILANG DEPOSIT,3,659,12618,907,71375
736,12,184,SABAH,LIBARAN,JEFFRI @ AMAT PUDANG,KERJA SENDIRI,PEJUANG,L,HILANG DEPOSIT,4,826,12618,907,71375
634,12,184,SABAH,LIBARAN,SHARIF BOKRATA,PENIAGA,WARISAN,L,KALAH,5,9185,12618,907,71375
549,12,184,SABAH,LIBARAN,SUHAIMI BIN NASIR,AHLI PERNIAGAAN ,BN,L,MENANG,6,22969,12618,907,71375
204,12,185,SABAH,BATU SAPI,LIAU FUI FUI,-,PH,P,KALAH,1,7331,4821,479,44594
756,12,185,SABAH,BATU SAPI,IR. HJ. OTHMAN HJ. AHMAD,SENDIRI,BEBAS,L,HILANG DEPOSIT,2,160,4821,479,44594
274,12,185,SABAH,BATU SAPI,BONI YUSUF JUANICO ABDULLAH,PENIAGA,PEJUANG,L,HILANG DEPOSIT,3,176,4821,479,44594
450,12,185,SABAH,BATU SAPI,ALIAS BIN SANI,AHLI DEWAN UNDANGAN NEGERI ,WARISAN,L,KALAH,4,7218,4821,479,44594
548,12,185,SABAH,BATU SAPI,KHAIRUL FIRDAUS AKBAR KHAN,AHLI PERNIAGAAN,GRS,L,MENANG,5,12152,4821,479,44594
17,12,186,SABAH,SANDAKAN,PETER HII,PENIAGA ,BEBAS,L,HILANG DEPOSIT,1,2342,11031,480,55514
420,12,186,SABAH,SANDAKAN,SYEIKH LOKEMAN,,BEBAS,L,HILANG DEPOSIT,2,962,11031,480,55514
148,12,186,SABAH,SANDAKAN,LAU CHI KEONG @ THOMAS LAU,AHLI PERNIAGAAN,GRS,L,KALAH,3,5054,11031,480,55514
227,12,186,SABAH,SANDAKAN,VIVIAN WONG SHIR YEE,,PH,P,MENANG,4,16673,11031,480,55514
330,12,186,SABAH,SANDAKAN,ALEX THIEN,,WARISAN,L,KALAH,5,5642,11031,480,55514
582,12,186,SABAH,SANDAKAN,HAJJAH LITA TAN BINTI ABDULLAH,,BEBAS,P,HILANG DEPOSIT,6,246,11031,480,55514
657,12,187,SABAH,KINABATANGAN,MAZLIWATI BINTI ABDUL MALEK,,WARISAN,P,KALAH,1,12512,4330,452,44564
590,12,187,SABAH,KINABATANGAN,BUNG MOKTAR BIN RADIN,TIMBALAN KETUA MENTERI,BN,L,MENANG,2,16842,4330,452,44564
732,12,188,SABAH,LAHAD DATU,SIA YU HOCK,KERJA SENDIRI,PH,L,KALAH,1,8289,4376,828,99741
644,12,188,SABAH,LAHAD DATU,DATO' HJ MOHAMMAD YUSOF BIN APDAL,PENIAGA,WARISAN,L,MENANG,2,27116,4376,828,99741
236,12,188,SABAH,LAHAD DATU,MAIZATUL AKMAM BT HJ ALAWI,PEGUAM,BN,P,KALAH,3,22740,4376,828,99741
1191,12,189,SABAH,SEMPORNA,ARASTAM BIN PANDOROG,,PH,L,HILANG DEPOSIT,1,1848,20810,787,71682
774,12,189,SABAH,SEMPORNA,MOHD SHAFIE APDAL,,WARISAN,L,MENANG,2,28702,20810,787,71682
578,12,189,SABAH,SEMPORNA,NIXON BIN ABDUL HABI,AHLI PERNIAGAAN,GRS,L,KALAH,3,7892,20810,787,71682
351,12,189,SABAH,SEMPORNA,AB RAJIK AB HAMID,,PEJUANG,L,HILANG DEPOSIT,4,467,20810,787,71682
759,12,190,SABAH,TAWAU,KC CHEN KET CHUIN ,PEGUAM,WARISAN,L,KALAH,1,11263,3800,697,87189
1021,12,190,SABAH,TAWAU,DATO' CHIN CHEE SYN,BERNIAGA,BEBAS,L,HILANG DEPOSIT,2,651,3800,697,87189
981,12,190,SABAH,TAWAU,MOHD SALLEH BACHO,AHLI PERNIAGAAN,BEBAS,L,HILANG DEPOSIT,3,1776,3800,697,87189
665,12,190,SABAH,TAWAU,CHRISTINA LIEW ,PEGUAM,PH,P,KALAH,4,16065,3800,697,87189
906,12,190,SABAH,TAWAU,HERMAN BIN AMDAS,,PEJUANG,L,HILANG DEPOSIT,5,1067,3800,697,87189
806,12,190,SABAH,TAWAU,LO SU FUI,AHLI PERNIAGAAN,GRS,L,MENANG,6,19865,3800,697,87189
219,12,191,SABAH,KALABAKAN,DR NUR AINI ABD RAHMAN (MD),PENGAMAL PERUBATAN SWASTA,PEJUANG,P,HILANG DEPOSIT,1,1681,9100,515,83657
554,12,191,SABAH,KALABAKAN,ANDI MUHAMMAD SURYADY BIN BANDY,PEMBANTU MENTERI BELIA DAN SUKAN SABAH,BN,L,MENANG,2,23855,9100,515,83657
464,12,191,SABAH,KALABAKAN,MA'MUN BIN SULAIMAN,,WARISAN,L,KALAH,3,14755,9100,515,83657
850,12,191,SABAH,KALABAKAN,DATO MUHAMAD,PROJECT MANAGEMENT CONSULTANT,BEBAS,L,HILANG DEPOSIT,4,341,9100,515,83657
357,12,191,SABAH,KALABAKAN,NORAINI ABD GHAPUR,,PH,P,KALAH,5,9398,9100,515,83657
1274,13,192,SARAWAK,MAS GADING,RYAN SIM MIN LEONG,,58,L,HILANG DEPOSIT,1,2311,5480,419,46997
1089,13,192,SARAWAK,MAS GADING,LIDANG DISEN,KERJA SENDIRI,GPS,L,KALAH,2,11794,5480,419,46997
1259,13,192,SARAWAK,MAS GADING,MORDI ANAK BIMOL,,DAP,L,MENANG,3,17274,5480,419,46997
799,13,193,SARAWAK,SANTUBONG,NANCY SHUKRI,MENTERI PERSEKUTUAN,GPS,P,MENANG,1,43739,38681,650,79235
1068,13,193,SARAWAK,SANTUBONG,AFFENDI BIN JEMAN,AHLI PERNIAGAAN,BEBAS,L,HILANG DEPOSIT,2,3012,38681,650,79235
1044,13,193,SARAWAK,SANTUBONG,MOHAMAD ZEN PELI,USAHAWAN,PH,L,HILANG DEPOSIT,3,5058,38681,650,79235
1136,13,194,SARAWAK,PETRA JAYA,FADILLAH BIN YUSOF,MENTERI PERSEKUTUAN,GPS,L,MENANG,1,54745,41363,551,109504
1119,13,194,SARAWAK,PETRA JAYA,SOPIAN JULAIHI,,PH,L,KALAH,2,13382,41363,551,109504
1148,13,194,SARAWAK,PETRA JAYA,OTHMAN BIN ABDILLAH,,SEDAR,L,HILANG DEPOSIT,3,1036,41363,551,109504
1164,13,195,SARAWAK,BANDAR KUCHING,TAY TZE KOK,USAHAWAN,GPS,L,KALAH,1,16462,28891,301,109797
1187,13,195,SARAWAK,BANDAR KUCHING,VOON LEE SHAN,PEGUAM,PSB,L,HILANG DEPOSIT,2,1760,28891,301,109797
552,13,195,SARAWAK,BANDAR KUCHING,KELVIN YII LEE WUEN,,DAP,L,MENANG,3,45353,28891,301,109797
953,13,196,SARAWAK,STAMPIN,CHONG CHIENG JEN,PEGUAM,DAP,L,MENANG,1,39310,7158,546,120598
883,13,196,SARAWAK,STAMPIN,LO KHERE CHIANG,ENGINEER,GPS,L,KALAH,2,32152,7158,546,120598
915,13,196,SARAWAK,STAMPIN,LUE CHENG HING,EJEN HARTANAH,PSB,L,HILANG DEPOSIT,3,2291,7158,546,120598
451,13,197,SARAWAK,KOTA SAMARAHAN,DATUK HJH RUBIAH BINTI WANG,,GPS,P,MENANG,1,42278,29445,892,81819
853,13,197,SARAWAK,KOTA SAMARAHAN,ABANG HALIL,PESARA,PH,L,KALAH,2,12833,29445,892,81819
986,13,198,SARAWAK,PUNCAK BORNEO,WILLIE ANAK MONGIN,,GPS,L,MENANG,1,29457,13338,640,79850
1108,13,198,SARAWAK,PUNCAK BORNEO,DIOG ANAK DIOS,PESARA,PH,L,KALAH,2,16119,13338,640,79850
378,13,198,SARAWAK,PUNCAK BORNEO,IANA ANAK AKAM,BEKERJA SENDIRI,PSB,P,HILANG DEPOSIT,3,5578,13338,640,79850
1245,13,199,SARAWAK,SERIAN,DR ALIM IMPIRA,PESARA KERAJAAN / AHLI PERNIAGAAN,BEBAS,L,KALAH,1,6179,16697,511,65038
1203,13,199,SARAWAK,SERIAN,DATO' SRI RICHARD RIOT ANAK JAEM,,GPS,L,MENANG,2,22876,16697,511,65038
1226,13,199,SARAWAK,SERIAN,ELSIY A/K TINGANG,,PSB,P,KALAH,3,5630,16697,511,65038
1261,13,199,SARAWAK,SERIAN,LEARRY ANAK JABUL,SETIAUSAHA,DAP,L,KALAH,4,5289,16697,511,65038
1144,13,200,SARAWAK,BATANG SADONG,RODIYAH BINTI SAPIEE,,GPS,P,MENANG,1,18668,14893,379,32546
1169,13,200,SARAWAK,BATANG SADONG,CIKGU LAHAJI,,PH,L,KALAH,2,3775,14893,379,32546
932,13,201,SARAWAK,BATANG LUPAR,MOHAMAD SHAFIZAN,BEKERJA SENDIRI,GPS,L,MENANG,1,19627,14463,458,42897
867,13,201,SARAWAK,BATANG LUPAR,WEL @ MAXWEL ROJIS,,PH,L,HILANG DEPOSIT,2,2768,14463,458,42897
1125,13,201,SARAWAK,BATANG LUPAR,HAMDAN SANI,BEKERJA SENDIRI,PN,L,KALAH,3,5164,14463,458,42897
1107,13,202,SARAWAK,SRI AMAN,DORIS SOPHIA ANAK BRODI,,GPS,P,MENANG,1,14131,4039,435,50070
1208,13,202,SARAWAK,SRI AMAN,WILSON ANAK ENTABANG,,PSB,L,KALAH,2,10092,4039,435,50070
1232,13,202,SARAWAK,SRI AMAN,MASIR ANAK KUJAT,PESARA,BEBAS,L,KALAH,3,5673,4039,435,50070
1188,13,202,SARAWAK,SRI AMAN,NAGA LIBAU @ TAY,BERNIAGA,PH,L,HILANG DEPOSIT,4,2021,4039,435,50070
600,13,203,SARAWAK,LUBOK ANTU,JUGAH MUYANG,,PN,L,KALAH,1,5360,100,200,28972
358,13,203,SARAWAK,LUBOK ANTU,JOHNICHAL RAYONG NGIPA,ADUN SARAWAK N33 ENGKILILI,PSB,L,KALAH,2,6544,100,200,28972
689,13,203,SARAWAK,LUBOK ANTU,ROY ANGAU ANAK GINGKOI,,GPS,L,MENANG,3,6644,100,200,28972
1061,13,203,SARAWAK,LUBOK ANTU,LANGGA LIAS,,PH,L,HILANG DEPOSIT,4,746,100,200,28972
812,13,204,SARAWAK,BETONG,PATRICK KAMIS @ HJ KAMENG,,PH,L,KALAH,1,5177,11302,428,41678
1039,13,204,SARAWAK,BETONG,HASBIE BIN SATAR,AHLI PERNIAGAAN,BEBAS,L,KALAH,2,5057,11302,428,41678
999,13,204,SARAWAK,BETONG,DR. RICHARD RAPU,SETIAUSAHA POLITIK,GPS,L,MENANG,3,16479,11302,428,41678
436,13,205,SARAWAK,SARATOK,GIENDAM JONATHAN TAIT,AHLI PERNIAGAAN,GPS,L,KALAH,1,10397,8826,376,44218
1086,13,205,SARAWAK,SARATOK,DATUK ALI BIJU,,PN,L,MENANG,2,19223,8826,376,44218
958,13,205,SARAWAK,SARATOK,IBIL JAYA,,PH,L,HILANG DEPOSIT,3,1221,8826,376,44218
764,13,206,SARAWAK,TANJONG MANIS,IR. YUSUF ABD WAHAB,PENGARAH SYARIKAT,GPS,L,MENANG,1,16474,13908,238,32840
191,13,206,SARAWAK,TANJONG MANIS,USTAZAH ZAINAB,,PH,P,KALAH,2,2566,13908,238,32840
755,13,207,SARAWAK,IGAN,AHMAD JOHNIE BIN ZAWAWI,,GPS,L,MENANG,1,15824,14662,234,28254
804,13,207,SARAWAK,IGAN,HUD ANDRI,,PH,L,HILANG DEPOSIT,2,1162,14662,234,28254
202,13,208,SARAWAK,SARIKEI,HUANG TIONG SII,PENIAGA,GPS,L,MENANG,1,20080,3697,436,54890
323,13,208,SARAWAK,SARIKEI,RODERICK WONG SIEW LEAD,SELF-EMPLOYED,DAP,L,KALAH,2,16383,3697,436,54890
1001,13,209,SARAWAK,JULAU,SUSAN ANAK GEORGE,,PBDS,P,HILANG DEPOSIT,1,335,1340,331,34777
541,13,209,SARAWAK,JULAU,JOSEPH SALANG,PESARA,GPS,L,KALAH,2,7819,1340,331,34777
1027,13,209,SARAWAK,JULAU,LARRY SOON @ LARRY SNG WEI SHIEN,,PBM,L,MENANG,3,9159,1340,331,34777
264,13,209,SARAWAK,JULAU,ELLY LAWAI NGALAI,AHLI PERNIAGAAN,BEBAS,L,KALAH,4,5224,1340,331,34777
929,13,210,SARAWAK,KANOWIT,JOSEPH NYAMBONG,,PH,L,KALAH,1,7175,236,306,30967
1186,13,210,SARAWAK,KANOWIT,DR. ELLI LUHAT,PRACTISING SCIENTIST,BEBAS,L,HILANG DEPOSIT,2,427,236,306,30967
475,13,210,SARAWAK,KANOWIT,AARON AGO ANAK DAGANG,,GPS,L,MENANG,3,7411,236,306,30967
947,13,210,SARAWAK,KANOWIT,GEORGE CHEN,PENSYARAH,BEBAS,L,HILANG DEPOSIT,4,741,236,306,30967
855,13,210,SARAWAK,KANOWIT,MICHAEL ANAK LIAS,,BEBAS,L,KALAH,5,2289,236,306,30967
972,13,211,SARAWAK,LANANG,DATO WONG TIING KIONG,,BEBAS,L,HILANG DEPOSIT,1,587,11544,865,87288
709,13,211,SARAWAK,LANANG,PRISCILLA LAU,PEGUAM,PSB,P,HILANG DEPOSIT,2,3663,11544,865,87288
595,13,211,SARAWAK,LANANG,ALICE LAU KIONG YIENG,,DAP,P,MENANG,3,30120,11544,865,87288
648,13,211,SARAWAK,LANANG,WONG CHING YONG,AKAUNTAN ,GPS,L,KALAH,4,18576,11544,865,87288
157,13,212,SARAWAK,SIBU,OSCAR LING CHAI YEW,PHARMACIST,DAP,L,MENANG,1,31287,7760,1230,105664
897,13,212,SARAWAK,SIBU,CLARENCE TING ING HORH,BUSINESSMAN,GPS,L,KALAH,2,23527,7760,1230,105664
385,13,212,SARAWAK,SIBU,WONG SOON KOH,,PSB,L,KALAH,3,11128,7760,1230,105664
1060,13,213,SARAWAK,MUKAH,HANIFAH HAJAR TAIB,,GPS,P,MENANG,1,21733,15686,316,46898
1076,13,213,SARAWAK,MUKAH,ABDUL JALIL,PESARA,PH,L,KALAH,2,6047,15686,316,46898
1073,13,214,SARAWAK,SELANGAU,UMPANG ANAK SABANG,PESARA,PH,L,KALAH,1,11092,4986,428,45376
836,13,214,SARAWAK,SELANGAU,EDWIN ANAK BANTA,,GPS,L,MENANG,2,16078,4986,428,45376
1098,13,214,SARAWAK,SELANGAU,HENRY JOSEPH USAU,PEGUAM,BEBAS,L,HILANG DEPOSIT,3,1626,4986,428,45376
1018,13,215,SARAWAK,KAPIT,ALEXANDER NANTA LINGGI,MENTERI,GPS,L,MENANG,1,16522,12402,382,45161
1043,13,215,SARAWAK,KAPIT,PANGKAS AK. UNGGANG,,PH,L,KALAH,2,4120,12402,382,45161
1120,13,215,SARAWAK,KAPIT,ROBERT SAWENG ,,PBDS,L,HILANG DEPOSIT,3,1357,12402,382,45161
794,13,216,SARAWAK,HULU RAJANG,ABUN SUI ANYIT,PEGUAM,PH,L,KALAH,1,7951,7505,311,43283
943,13,216,SARAWAK,HULU RAJANG,UGAK ANAK KUMBONG,AHLI PERNIAGAAN,GPS,L,MENANG,2,15456,7505,311,43283
1222,13,217,SARAWAK,BINTULU,DUKE ANAK JANTENG,,PN,L,HILANG DEPOSIT,1,5650,22168,760,113191
1234,13,217,SARAWAK,BINTULU,DATO SRI TIONG KING SING,PENIAGA,GPS,L,MENANG,2,43455,22168,760,113191
1253,13,217,SARAWAK,BINTULU,CHIEW CHAN YEW,BUSINESSMAN,DAP,L,KALAH,3,21287,22168,760,113191
174,13,218,SARAWAK,SIBUTI,LUKANISMAN BIN AWANG SAUNI,,GPS,L,MENANG,1,22150,11745,368,58355
1210,13,218,SARAWAK,SIBUTI,ZULHAIDAH SUBOH,AHLI POLITIK,PH,P,KALAH,2,10405,11745,368,58355
1143,13,218,SARAWAK,SIBUTI,BOBBY ANAK WILLIAM,,PBDS,L,HILANG DEPOSIT,3,1361,11745,368,58355
1200,13,219,SARAWAK,MIRI,JEFFERY PHANG,ARKITEK,GPS,L,KALAH,1,33390,6159,620,142842
1170,13,219,SARAWAK,MIRI,LAWRENCE LAI,PEGUAMBELA DAN PEGUAMCARA,PSB,L,HILANG DEPOSIT,2,5209,6159,620,142842
502,13,219,SARAWAK,MIRI,CHIEW CHOON MAN,PEGUAM,PH,L,MENANG,3,39549,6159,620,142842
642,13,220,SARAWAK,BARAM,ANYI NGAU,PESARA,GPS,L,MENANG,1,18399,7339,332,59349
402,13,220,SARAWAK,BARAM,ROLAND ENGAN,PEGUAM,PH,L,KALAH,2,11060,7339,332,59349
573,13,220,SARAWAK,BARAM,WILFREDENTIKA,,BEBAS,L,HILANG DEPOSIT,3,324,7339,332,59349
874,13,221,SARAWAK,LIMBANG,RACHA BALANG,,PH,L,KALAH,1,4899,9998,228,41931
246,13,221,SARAWAK,LIMBANG,HASBI BIN HABIBOLLAH,PESARA,GPS,L,MENANG,2,14897,9998,228,41931
729,13,222,SARAWAK,LAWAS,HJ JAPAR BIN HJ SUYUT,BERNIAGA,PH,L,HILANG DEPOSIT,1,1163,5677,198,33564
912,13,222,SARAWAK,LAWAS,BARU BIAN,PEGUAM,PSB,L,KALAH,2,5684,5677,198,33564
978,13,222,SARAWAK,LAWAS,HENRY SUM AGONG,PESARA,GPS,L,MENANG,3,11361,5677,198,33564
