parid,dunid,negeri,parlimen,dun
1,1,PERLIS,PADANG BESAR,TITI TINGGI
1,2,PERLIS,PADANG BESAR,BESERI
1,3,PERLIS,PADANG BESAR,CHUPING
1,4,PERLIS,PADANG BESAR,MATA AYER
1,5,PERLIS,PADANG BESAR,SANTAN
2,6,PERLIS,KANGAR,BINTONG
2,7,PERLIS,KANGAR,SENA
2,8,PERLIS,KANGAR,INDERA KAYANGAN
2,9,PERLIS,KANGAR,KUALA PERLIS
2,10,PERLIS,KANGAR,KAYANG
3,11,PERLIS,ARAU,PAUH
3,12,PERLIS,ARAU,TAMBUN TULANG
3,13,PERLIS,ARAU,GUAR SANJI
3,14,PERLIS,ARAU,SIMPANG EMPAT
3,15,PERLIS,ARAU,SANGLANG
4,1,KEDAH,LANGKAWI,AYER HANGAT
4,2,KEDAH,LANGKAWI,KUAH
5,3,KEDAH,JERLUN,KOTA SIPUTEH
5,4,KEDAH,JERLUN,AYER HITAM
6,5,KEDAH,KUBANG PASU,BUKIT KAYU HITAM
6,6,KEDAH,KUBANG PASU,JITRA
7,7,KEDAH,PADANG TERAP,KUALA NERANG
7,8,KEDAH,PADANG TERAP,PEDU
8,9,KEDAH,POKOK SENA,BUKIT LADA
8,10,KEDAH,POKOK SENA,BUKIT PINANG
8,11,KEDAH,POKOK SENA,DERGA
9,12,KEDAH,ALOR SETAR,SUKA MENANTI
9,13,KEDAH,ALOR SETAR,KOTA DARUL AMAN
9,14,KEDAH,ALOR SETAR,ALOR MENGKUDU
10,15,KEDAH,KUALA KEDAH,ANAK BUKIT
10,16,KEDAH,KUALA KEDAH,KUBANG ROTAN
10,17,KEDAH,KUALA KEDAH,PENGKALAN KUNDOR
11,18,KEDAH,PENDANG,TOKAI
11,19,KEDAH,PENDANG,SUNGAI TIANG
12,20,KEDAH,JERAI,SUNGAI LIMAU
12,21,KEDAH,JERAI,GUAR CHEMPEDAK
12,22,KEDAH,JERAI,GURUN
13,23,KEDAH,SIK,BELANTEK
13,24,KEDAH,SIK,JENERI
14,25,KEDAH,MERBOK,BUKIT SELAMBAU
14,26,KEDAH,MERBOK,TANJONG DAWAI
15,27,KEDAH,SUNGAI PETANI,PANTAI MERDEKA
15,28,KEDAH,SUNGAI PETANI,BAKAR ARANG
15,29,KEDAH,SUNGAI PETANI,SIDAM
16,30,KEDAH,BALING,BAYU
16,31,KEDAH,BALING,KUPANG
16,32,KEDAH,BALING,KUALA KETIL
17,33,KEDAH,PADANG SERAI,MERBAU PULAS
17,34,KEDAH,PADANG SERAI,LUNAS
18,35,KEDAH,KULIM-BANDAR BAHARU,KULIM
18,36,KEDAH,KULIM-BANDAR BAHARU,BANDAR BAHARU
19,1,KELANTAN,TUMPAT,PENGKALAN KUBOR
19,2,KELANTAN,TUMPAT,KELABORAN
19,3,KELANTAN,TUMPAT,PASIR PEKAN
19,4,KELANTAN,TUMPAT,WAKAF BHARU
20,5,KELANTAN,PENGKALAN CHEPA,KIJANG
20,6,KELANTAN,PENGKALAN CHEPA,CHEMPAKA
20,7,KELANTAN,PENGKALAN CHEPA,PANCHOR
21,8,KELANTAN,KOTA BHARU,TANJONG MAS
21,9,KELANTAN,KOTA BHARU,KOTA LAMA
21,10,KELANTAN,KOTA BHARU,BUNUT PAYONG
22,11,KELANTAN,PASIR MAS,TENDONG
22,12,KELANTAN,PASIR MAS,PENGKALAN PASIR
22,13,KELANTAN,PASIR MAS,MERANTI
23,14,KELANTAN,RANTAU PANJANG,CHETOK
23,15,KELANTAN,RANTAU PANJANG,GUAL PERIOK
23,16,KELANTAN,RANTAU PANJANG,APAM PUTRA
24,17,KELANTAN,KUBANG KERIAN,SALOR
24,18,KELANTAN,KUBANG KERIAN,PASIR TUMBOH
24,19,KELANTAN,KUBANG KERIAN,DEMIT
25,20,KELANTAN,BACHOK,TAWANG
25,21,KELANTAN,BACHOK,PANTAI IRAMA
25,22,KELANTAN,BACHOK,JELAWAT
26,23,KELANTAN,KETEREH,MELOR
26,24,KELANTAN,KETEREH,KADOK
26,25,KELANTAN,KETEREH,KOK LANAS
27,26,KELANTAN,TANAH MERAH,BUKIT PANAU
27,27,KELANTAN,TANAH MERAH,GUAL IPOH
27,28,KELANTAN,TANAH MERAH,KEMAHANG
28,29,KELANTAN,PASIR PUTEH,SELISING
28,30,KELANTAN,PASIR PUTEH,LIMBONGAN
28,31,KELANTAN,PASIR PUTEH,SEMERAK
28,32,KELANTAN,PASIR PUTEH,GAAL
29,33,KELANTAN,MACHANG,PULAI CHONDONG
29,34,KELANTAN,MACHANG,TEMANGAN
29,35,KELANTAN,MACHANG,KEMUNING
30,36,KELANTAN,JELI,BUKIT BUNGA
30,37,KELANTAN,JELI,AIR LANAS
30,38,KELANTAN,JELI,KUALA BALAH
31,39,KELANTAN,KUALA KRAI,MENGKEBANG
31,40,KELANTAN,KUALA KRAI,GUCHIL
31,41,KELANTAN,KUALA KRAI,MANEK URAI
31,42,KELANTAN,KUALA KRAI,DABONG
32,43,KELANTAN,GUA MUSANG,NENGGIRI
32,44,KELANTAN,GUA MUSANG,PALOH
32,45,KELANTAN,GUA MUSANG,GALAS
33,1,TERENGGANU,BESUT,KUALA BESUT
33,2,TERENGGANU,BESUT,KOTA PUTERA
33,3,TERENGGANU,BESUT,JERTIH
33,4,TERENGGANU,BESUT,HULU BESUT
34,5,TERENGGANU,SETIU,JABI
34,6,TERENGGANU,SETIU,PERMAISURI
34,7,TERENGGANU,SETIU,LANGKAP
34,8,TERENGGANU,SETIU,BATU RAKIT
35,9,TERENGGANU,KUALA NERUS,TEPUH
35,10,TERENGGANU,KUALA NERUS,BULUH GADING
35,11,TERENGGANU,KUALA NERUS,SEBERANG TAKIR
35,12,TERENGGANU,KUALA NERUS,BUKIT TUNGGAL
36,13,TERENGGANU,KUALA TERENGGANU,WAKAF MEMPELAM
36,14,TERENGGANU,KUALA TERENGGANU,BANDAR
36,15,TERENGGANU,KUALA TERENGGANU,LADANG
36,16,TERENGGANU,KUALA TERENGGANU,BATU BURUK
37,17,TERENGGANU,MARANG,ALUR LIMBAT
37,18,TERENGGANU,MARANG,BUKIT PAYUNG
37,19,TERENGGANU,MARANG,RU RENDANG
37,20,TERENGGANU,MARANG,PENGKALAN BERANGAN
38,21,TERENGGANU,HULU TERENGGANU,TELEMUNG
38,22,TERENGGANU,HULU TERENGGANU,MANIR
38,23,TERENGGANU,HULU TERENGGANU,KUALA BERANG
38,24,TERENGGANU,HULU TERENGGANU,AJIL
39,25,TERENGGANU,DUNGUN,BUKIT BESI
39,26,TERENGGANU,DUNGUN,RANTAU ABANG
39,27,TERENGGANU,DUNGUN,SURA
39,28,TERENGGANU,DUNGUN,PAKA
40,29,TERENGGANU,KEMAMAN,KEMASIK
40,30,TERENGGANU,KEMAMAN,KIJAL
40,31,TERENGGANU,KEMAMAN,CUKAI
40,32,TERENGGANU,KEMAMAN,AIR PUTIH
41,1,PULAU PINANG,KEPALA BATAS,PENAGA
41,2,PULAU PINANG,KEPALA BATAS,BERTAM
41,3,PULAU PINANG,KEPALA BATAS,PINANG TUNGGAL
42,4,PULAU PINANG,TASEK GELUGOR,PERMATANG BERANGAN
42,5,PULAU PINANG,TASEK GELUGOR,SUNGAI DUA
42,6,PULAU PINANG,TASEK GELUGOR,TELOK AYER TAWAR
43,7,PULAU PINANG,BAGAN,SUNGAI PUYU
43,8,PULAU PINANG,BAGAN,BAGAN JERMAL
43,9,PULAU PINANG,BAGAN,BAGAN DALAM
44,10,PULAU PINANG,PERMATANG PAUH,SEBERANG JAYA
44,11,PULAU PINANG,PERMATANG PAUH,PERMATANG PASIR
44,12,PULAU PINANG,PERMATANG PAUH,PENANTI
45,13,PULAU PINANG,BUKIT MERTAJAM,BERAPIT
45,14,PULAU PINANG,BUKIT MERTAJAM,MACHANG BUBUK
45,15,PULAU PINANG,BUKIT MERTAJAM,PADANG LALANG
46,16,PULAU PINANG,BATU KAWAN,PERAI
46,17,PULAU PINANG,BATU KAWAN,BUKIT TENGAH
46,18,PULAU PINANG,BATU KAWAN,BUKIT TAMBUN
47,19,PULAU PINANG,NIBONG TEBAL,JAWI
47,20,PULAU PINANG,NIBONG TEBAL,SUNGAI BAKAP
47,21,PULAU PINANG,NIBONG TEBAL,SUNGAI ACHEH
48,22,PULAU PINANG,BUKIT BENDERA,TANJONG BUNGA
48,23,PULAU PINANG,BUKIT BENDERA,AIR PUTIH
48,24,PULAU PINANG,BUKIT BENDERA,KEBUN BUNGA
48,25,PULAU PINANG,BUKIT BENDERA,PULAU TIKUS
49,26,PULAU PINANG,TANJONG,PADANG KOTA
49,27,PULAU PINANG,TANJONG,PENGKALAN KOTA
49,28,PULAU PINANG,TANJONG,KOMTAR
50,29,PULAU PINANG,JELUTONG,DATOK KERAMAT
50,30,PULAU PINANG,JELUTONG,SUNGAI PINANG
50,31,PULAU PINANG,JELUTONG,BATU LANCANG
51,32,PULAU PINANG,BUKIT GELUGOR,SERI DELIMA
51,33,PULAU PINANG,BUKIT GELUGOR,AIR ITAM
51,34,PULAU PINANG,BUKIT GELUGOR,PAYA TERUBONG
52,35,PULAU PINANG,BAYAN BARU,BATU UBAN
52,36,PULAU PINANG,BAYAN BARU,PANTAI JEREJAK
52,37,PULAU PINANG,BAYAN BARU,BATU MAUNG
53,38,PULAU PINANG,BALIK PULAU,BAYAN LEPAS
53,39,PULAU PINANG,BALIK PULAU,PULAU BETONG
53,40,PULAU PINANG,BALIK PULAU,TELOK BAHANG
54,1,PERAK,GERIK,PENGKALAN HULU
54,2,PERAK,GERIK,TEMENGOR
55,3,PERAK,LENGGONG,KENERING
55,4,PERAK,LENGGONG,KOTA TAMPAN
56,5,PERAK,LARUT,SELAMA
56,6,PERAK,LARUT,KUBU GAJAH
56,7,PERAK,LARUT,BATU KURAU
57,8,PERAK,PARIT BUNTAR,TITI SERONG
57,9,PERAK,PARIT BUNTAR,KUALA KURAU
58,10,PERAK,BAGAN SERAI,ALOR PONGSU
58,11,PERAK,BAGAN SERAI,GUNONG SEMANGGOL
58,12,PERAK,BAGAN SERAI,SELINSING
59,13,PERAK,BUKIT GANTANG,KUALA SEPETANG
59,14,PERAK,BUKIT GANTANG,CHANGKAT JERING
59,15,PERAK,BUKIT GANTANG,TRONG
60,16,PERAK,TAIPING,KAMUNTING
60,17,PERAK,TAIPING,POKOK ASSAM
60,18,PERAK,TAIPING,AULONG
61,19,PERAK,PADANG RENGAS,CHENDEROH
61,20,PERAK,PADANG RENGAS,LUBOK MERBAU
62,21,PERAK,SUNGAI SIPUT,LINTANG
62,22,PERAK,SUNGAI SIPUT,JALONG
63,23,PERAK,TAMBUN,MANJOI
63,24,PERAK,TAMBUN,HULU KINTA
64,25,PERAK,IPOH TIMOR,CANNING
64,26,PERAK,IPOH TIMOR,TEBING TINGGI
64,27,PERAK,IPOH TIMOR,PASIR PINJI
65,28,PERAK,IPOH BARAT,BERCHAM
65,29,PERAK,IPOH BARAT,KEPAYANG
65,30,PERAK,IPOH BARAT,BUNTONG
66,31,PERAK,BATU GAJAH,JELAPANG
66,32,PERAK,BATU GAJAH,MENGLEMBU
66,33,PERAK,BATU GAJAH,TRONOH
67,34,PERAK,KUALA KANGSAR,BUKIT CHANDAN
67,35,PERAK,KUALA KANGSAR,MANONG
68,36,PERAK,BERUAS,PENGKALAN BAHARU
68,37,PERAK,BERUAS,PANTAI REMIS
68,38,PERAK,BERUAS,ASTAKA
69,39,PERAK,PARIT,BELANJA
69,40,PERAK,PARIT,BOTA
70,41,PERAK,KAMPAR,MALIM NAWAR
70,42,PERAK,KAMPAR,KERANJI
70,43,PERAK,KAMPAR,TUALANG SEKAH
71,44,PERAK,GOPENG,SUNGAI RAPAT
71,45,PERAK,GOPENG,SIMPANG PULAI
71,46,PERAK,GOPENG,TEJA
72,47,PERAK,TAPAH,CHENDERIANG
72,48,PERAK,TAPAH,AYER KUNING
73,49,PERAK,PASIR SALAK,SUNGAI MANIK
73,50,PERAK,PASIR SALAK,KAMPONG GAJAH
74,51,PERAK,LUMUT,PASIR PANJANG
74,52,PERAK,LUMUT,PANGKOR
75,53,PERAK,BAGAN DATUK,RUNGKUP
75,54,PERAK,BAGAN DATUK,HUTAN MELINTANG
76,55,PERAK,TELUK INTAN,PASIR BEDAMAR
76,56,PERAK,TELUK INTAN,CHANGKAT JONG
77,57,PERAK,TANJONG MALIM,SUNGKAI
77,58,PERAK,TANJONG MALIM,SLIM
77,59,PERAK,TANJONG MALIM,BEHRANG
78,1,PAHANG,CAMERON HIGHLANDS,TANAH RATA
78,2,PAHANG,CAMERON HIGHLANDS,JELAI
79,3,PAHANG,LIPIS,PADANG TENGKU
79,4,PAHANG,LIPIS,CHEKA
79,5,PAHANG,LIPIS,BENTA
80,6,PAHANG,RAUB,BATU TALAM
80,7,PAHANG,RAUB,TRAS
80,8,PAHANG,RAUB,DONG
81,9,PAHANG,JERANTUT,TAHAN
81,10,PAHANG,JERANTUT,DAMAK
81,11,PAHANG,JERANTUT,PULAU TAWAR
82,12,PAHANG,INDERA MAHKOTA,BESERAH
82,13,PAHANG,INDERA MAHKOTA,SEMAMBU
83,14,PAHANG,KUANTAN,TERUNTUM
83,15,PAHANG,KUANTAN,TANJUNG LUMPUR
83,16,PAHANG,KUANTAN,INDERAPURA
84,17,PAHANG,PAYA BESAR,SUNGAI LEMBING
84,18,PAHANG,PAYA BESAR,LEPAR
84,19,PAHANG,PAYA BESAR,PANCHING
85,20,PAHANG,PEKAN,PULAU MANIS
85,21,PAHANG,PEKAN,PERAMU JAYA
85,22,PAHANG,PEKAN,BEBAR
85,23,PAHANG,PEKAN,CHINI
86,24,PAHANG,MARAN,LUIT
86,25,PAHANG,MARAN,KUALA SENTUL
86,26,PAHANG,MARAN,CHENOR
87,27,PAHANG,KUALA KRAU,JENDERAK
87,28,PAHANG,KUALA KRAU,KERDAU
87,29,PAHANG,KUALA KRAU,JENGKA
88,30,PAHANG,TEMERLOH,MENTAKAB
88,31,PAHANG,TEMERLOH,LANCHANG
88,32,PAHANG,TEMERLOH,KUALA SEMANTAN
89,33,PAHANG,BENTONG,BILUT
89,34,PAHANG,BENTONG,KETARI
89,35,PAHANG,BENTONG,SABAI
89,36,PAHANG,BENTONG,PELANGAI
90,37,PAHANG,BERA,GUAI
90,38,PAHANG,BERA,TRIANG
90,39,PAHANG,BERA,KEMAYAN
91,40,PAHANG,ROMPIN,BUKIT IBAM
91,41,PAHANG,ROMPIN,MUADZAM SHAH
91,42,PAHANG,ROMPIN,TIOMAN
92,1,SELANGOR,SABAK BERNAM,SUNGAI AIR TAWAR
92,2,SELANGOR,SABAK BERNAM,SABAK
93,3,SELANGOR,SUNGAI BESAR,SUNGAI PANJANG
93,4,SELANGOR,SUNGAI BESAR,SEKINCHAN
94,5,SELANGOR,HULU SELANGOR,HULU BERNAM
94,6,SELANGOR,HULU SELANGOR,KUALA KUBU BAHARU
94,7,SELANGOR,HULU SELANGOR,BATANG KALI
95,8,SELANGOR,TANJONG KARANG,SUNGAI BURONG
95,9,SELANGOR,TANJONG KARANG,PERMATANG
96,10,SELANGOR,KUALA SELANGOR,BUKIT MELAWATI
96,11,SELANGOR,KUALA SELANGOR,IJOK
96,12,SELANGOR,KUALA SELANGOR,JERAM
97,13,SELANGOR,SELAYANG,KUANG
97,14,SELANGOR,SELAYANG,RAWANG
97,15,SELANGOR,SELAYANG,TAMAN TEMPLER
98,16,SELANGOR,GOMBAK,SUNGAI TUA
98,17,SELANGOR,GOMBAK,GOMBAK SETIA
98,18,SELANGOR,GOMBAK,HULU KELANG
99,19,SELANGOR,AMPANG,BUKIT ANTARABANGSA
99,20,SELANGOR,AMPANG,LEMBAH JAYA
100,21,SELANGOR,PANDAN,PANDAN INDAH
100,22,SELANGOR,PANDAN,TERATAI
101,23,SELANGOR,HULU LANGAT,DUSUN TUA
101,24,SELANGOR,HULU LANGAT,SEMENYIH
102,25,SELANGOR,BANGI,KAJANG
102,26,SELANGOR,BANGI,SUNGAI RAMAL
102,27,SELANGOR,BANGI,BALAKONG
103,28,SELANGOR,PUCHONG,SERI KEMBANGAN
103,29,SELANGOR,PUCHONG,SERI SERDANG
104,30,SELANGOR,SUBANG,KINRARA
104,31,SELANGOR,SUBANG,SUBANG JAYA
105,32,SELANGOR,PETALING JAYA,SERI SETIA
105,33,SELANGOR,PETALING JAYA,TAMAN MEDAN
105,34,SELANGOR,PETALING JAYA,BUKIT GASING
106,35,SELANGOR,DAMANSARA,KAMPUNG TUNKU
106,36,SELANGOR,DAMANSARA,BANDAR UTAMA
106,37,SELANGOR,DAMANSARA,BUKIT LANJAN
107,38,SELANGOR,SUNGAI BULOH,PAYA JARAS
107,39,SELANGOR,SUNGAI BULOH,KOTA DAMANSARA
108,40,SELANGOR,SHAH ALAM,KOTA ANGGERIK
108,41,SELANGOR,SHAH ALAM,BATU TIGA
109,42,SELANGOR,KAPAR,MERU
109,43,SELANGOR,KAPAR,SEMENTA
109,44,SELANGOR,KAPAR,SELAT KLANG
110,45,SELANGOR,KLANG,BANDAR BARU KLANG
110,46,SELANGOR,KLANG,PELABUHAN KLANG
110,47,SELANGOR,KLANG,PANDAMARAN
111,48,SELANGOR,KOTA RAJA,SENTOSA
111,49,SELANGOR,KOTA RAJA,SUNGAI KANDIS
111,50,SELANGOR,KOTA RAJA,KOTA KEMUNING
112,51,SELANGOR,KUALA LANGAT,SIJANGKANG
112,52,SELANGOR,KUALA LANGAT,BANTING
112,53,SELANGOR,KUALA LANGAT,MORIB
113,54,SELANGOR,SEPANG,TANJONG SEPAT
113,55,SELANGOR,SEPANG,DENGKIL
113,56,SELANGOR,SEPANG,SUNGAI PELEK
114,0,W.P KUALA LUMPUR,KEPONG,
115,0,W.P KUALA LUMPUR,BATU,
116,0,W.P KUALA LUMPUR,WANGSA MAJU,
117,0,W.P KUALA LUMPUR,SEGAMBUT,
118,0,W.P KUALA LUMPUR,SETIAWANGSA,
119,0,W.P KUALA LUMPUR,TITIWANGSA,
120,0,W.P KUALA LUMPUR,BUKIT BINTANG,
121,0,W.P KUALA LUMPUR,LEMBAH PANTAI,
122,0,W.P KUALA LUMPUR,SEPUTEH,
123,0,W.P KUALA LUMPUR,CHERAS,
124,0,W.P KUALA LUMPUR,BANDAR TUN RAZAK,
125,0,W.P PUTRAJAYA,PUTRAJAYA,
126,1,NEGERI SEMBILAN,JELEBU,CHENNAH
126,2,NEGERI SEMBILAN,JELEBU,PERTANG
126,3,NEGERI SEMBILAN,JELEBU,SUNGAI LUI
126,4,NEGERI SEMBILAN,JELEBU,KLAWANG
127,5,NEGERI SEMBILAN,JEMPOL,SERTING
127,6,NEGERI SEMBILAN,JEMPOL,PALONG
127,7,NEGERI SEMBILAN,JEMPOL,JERAM PADANG
127,8,NEGERI SEMBILAN,JEMPOL,BAHAU
128,9,NEGERI SEMBILAN,SEREMBAN,LENGGENG
128,10,NEGERI SEMBILAN,SEREMBAN,NILAI
128,11,NEGERI SEMBILAN,SEREMBAN,LOBAK
128,12,NEGERI SEMBILAN,SEREMBAN,TEMIANG
128,13,NEGERI SEMBILAN,SEREMBAN,SIKAMAT
128,14,NEGERI SEMBILAN,SEREMBAN,AMPANGAN
129,15,NEGERI SEMBILAN,KUALA PILAH,JUASSEH
129,16,NEGERI SEMBILAN,KUALA PILAH,SERI MENANTI
129,17,NEGERI SEMBILAN,KUALA PILAH,SENALING
129,18,NEGERI SEMBILAN,KUALA PILAH,PILAH
129,19,NEGERI SEMBILAN,KUALA PILAH,JOHOL
130,20,NEGERI SEMBILAN,RASAH,LABU
130,21,NEGERI SEMBILAN,RASAH,BUKIT KEPAYANG
130,22,NEGERI SEMBILAN,RASAH,RAHANG
130,23,NEGERI SEMBILAN,RASAH,MAMBAU
130,24,NEGERI SEMBILAN,RASAH,SEREMBAN JAYA
131,25,NEGERI SEMBILAN,REMBAU,PAROI
131,26,NEGERI SEMBILAN,REMBAU,CHEMBONG
131,27,NEGERI SEMBILAN,REMBAU,RANTAU
131,28,NEGERI SEMBILAN,REMBAU,KOTA
132,29,NEGERI SEMBILAN,PORT DICKSON,CHUAH
132,30,NEGERI SEMBILAN,PORT DICKSON,LUKUT
132,31,NEGERI SEMBILAN,PORT DICKSON,BAGAN PINANG
132,32,NEGERI SEMBILAN,PORT DICKSON,LINGGI
132,33,NEGERI SEMBILAN,PORT DICKSON,SRI TANJUNG
133,34,NEGERI SEMBILAN,TAMPIN,GEMAS
133,35,NEGERI SEMBILAN,TAMPIN,GEMENCHEH
133,36,NEGERI SEMBILAN,TAMPIN,REPAH
134,1,MELAKA,MASJID TANAH,KUALA LINGGI
134,2,MELAKA,MASJID TANAH,TANJUNG BIDARA
134,3,MELAKA,MASJID TANAH,AYER LIMAU
134,4,MELAKA,MASJID TANAH,LENDU
134,5,MELAKA,MASJID TANAH,TABOH NANING
135,6,MELAKA,ALOR GAJAH,REMBIA
135,7,MELAKA,ALOR GAJAH,GADEK
135,8,MELAKA,ALOR GAJAH,MACHAP JAYA
135,9,MELAKA,ALOR GAJAH,DURIAN TUNGGAL
135,10,MELAKA,ALOR GAJAH,ASAHAN
136,11,MELAKA,TANGGA BATU,SUNGAI UDANG
136,12,MELAKA,TANGGA BATU,PANTAI KUNDOR
136,13,MELAKA,TANGGA BATU,PAYA RUMPUT
136,14,MELAKA,TANGGA BATU,KELEBANG
137,15,MELAKA,HANG TUAH JAYA,PENGKALAN BATU
137,16,MELAKA,HANG TUAH JAYA,AYER KEROH
137,17,MELAKA,HANG TUAH JAYA,BUKIT KATIL
137,18,MELAKA,HANG TUAH JAYA,AYER MOLEK
138,19,MELAKA,KOTA MELAKA,KESIDANG
138,20,MELAKA,KOTA MELAKA,KOTA LAKSAMANA
138,21,MELAKA,KOTA MELAKA,DUYONG
138,22,MELAKA,KOTA MELAKA,BANDAR HILIR
138,23,MELAKA,KOTA MELAKA,TELOK MAS
139,24,MELAKA,JASIN,BEMBAN
139,25,MELAKA,JASIN,RIM
139,26,MELAKA,JASIN,SERKAM
139,27,MELAKA,JASIN,MERLIMAU
139,28,MELAKA,JASIN,SUNGAI RAMBAI
140,1,JOHOR,SEGAMAT,BULOH KASAP
140,2,JOHOR,SEGAMAT,JEMENTAH
141,3,JOHOR,SEKIJANG,PEMANIS
141,4,JOHOR,SEKIJANG,KEMELAH
142,5,JOHOR,LABIS,TENANG
142,6,JOHOR,LABIS,BEKOK
143,7,JOHOR,PAGOH,BUKIT KEPONG
143,8,JOHOR,PAGOH,BUKIT PASIR
144,9,JOHOR,LEDANG,GAMBIR
144,10,JOHOR,LEDANG,TANGKAK
144,11,JOHOR,LEDANG,SEROM
145,12,JOHOR,BAKRI,BENTAYAN
145,13,JOHOR,BAKRI,SIMPANG JERAM
145,14,JOHOR,BAKRI,BUKIT NANING
146,15,JOHOR,MUAR,MAHARANI
146,16,JOHOR,MUAR,SUNGAI BALANG
147,17,JOHOR,PARIT SULONG,SEMERAH
147,18,JOHOR,PARIT SULONG,SRI MEDAN
148,19,JOHOR,AYER HITAM,YONG PENG
148,20,JOHOR,AYER HITAM,SEMARANG
149,21,JOHOR,SRI GADING,PARIT YAANI
149,22,JOHOR,SRI GADING,PARIT RAJA
150,23,JOHOR,BATU PAHAT,PENGGARAM
150,24,JOHOR,BATU PAHAT,SENGGARANG
150,25,JOHOR,BATU PAHAT,RENGIT
151,26,JOHOR,SIMPANG RENGGAM,MACHAP
151,27,JOHOR,SIMPANG RENGGAM,LAYANG-LAYANG
152,28,JOHOR,KLUANG,MENGKIBOL
152,29,JOHOR,KLUANG,MAHKOTA
153,30,JOHOR,SEMBRONG,PALOH
153,31,JOHOR,SEMBRONG,KAHANG
154,32,JOHOR,MERSING,ENDAU
154,33,JOHOR,MERSING,TENGGAROH
155,34,JOHOR,TENGGARA,PANTI
155,35,JOHOR,TENGGARA,PASIR RAJA
156,36,JOHOR,KOTA TINGGI,SEDILI
156,37,JOHOR,KOTA TINGGI,JOHOR LAMA
157,38,JOHOR,PENGERANG,PENAWAR
157,39,JOHOR,PENGERANG,TANJUNG SURAT
158,40,JOHOR,TEBRAU,TIRAM
158,41,JOHOR,TEBRAU,PUTERI WANGSA
159,42,JOHOR,PASIR GUDANG,JOHOR JAYA
159,43,JOHOR,PASIR GUDANG,PERMAS
160,44,JOHOR,JOHOR BAHRU,LARKIN
160,45,JOHOR,JOHOR BAHRU,STULANG
161,46,JOHOR,PULAI,PERLING
161,47,JOHOR,PULAI,KEMPAS
162,48,JOHOR,ISKANDAR PUTERI,SKUDAI
162,49,JOHOR,ISKANDAR PUTERI,KOTA ISKANDAR
163,50,JOHOR,KULAI,BUKIT PERMAI
163,51,JOHOR,KULAI,BUKIT BATU
163,52,JOHOR,KULAI,SENAI
164,53,JOHOR,PONTIAN,BENUT
164,54,JOHOR,PONTIAN,PULAI SEBATANG
165,55,JOHOR,TANJUNG PIAI,PEKAN NANAS
165,56,JOHOR,TANJUNG PIAI,KUKUP
166,0,LABUAN,LABUAN,
167,1,SABAH,KUDAT,BANGGI
167,2,SABAH,KUDAT,BENGKOKA
167,3,SABAH,KUDAT,PITAS
167,4,SABAH,KUDAT,TANJONG KAPOR
168,5,SABAH,KOTA MARUDU,MATUNGGONG
168,6,SABAH,KOTA MARUDU,BANDAU
168,7,SABAH,KOTA MARUDU,TANDEK
169,8,SABAH,KOTA BELUD,PINTASAN
169,9,SABAH,KOTA BELUD,TEMPASUK
169,10,SABAH,KOTA BELUD,USUKAN
169,11,SABAH,KOTA BELUD,KADAMAIAN
170,12,SABAH,TUARAN,SULAMAN
170,13,SABAH,TUARAN,PANTAI DALIT
170,14,SABAH,TUARAN,TAMPARULI
170,15,SABAH,TUARAN,KIULU
171,16,SABAH,SEPANGGAR,KARAMBUNAI
171,17,SABAH,SEPANGGAR,DARAU
171,18,SABAH,SEPANGGAR,INANAM
172,19,SABAH,KOTA KINABALU,LIKAS
172,20,SABAH,KOTA KINABALU,API-API
172,21,SABAH,KOTA KINABALU,LUYANG
173,22,SABAH,PUTATAN,TANJUNG ARU
173,23,SABAH,PUTATAN,PETAGAS
173,24,SABAH,PUTATAN,TANJUNG KERAMAT
174,25,SABAH,PENAMPANG,KAPAYAN
174,26,SABAH,PENAMPANG,MOYOG
175,27,SABAH,PAPAR,LIMBAHAU
175,28,SABAH,PAPAR,KAWANG
175,29,SABAH,PAPAR,PANTAI MANIS
176,30,SABAH,KIMANIS,BONGAWAN
176,31,SABAH,KIMANIS,MEMBAKUT
177,32,SABAH,BEAUFORT,KLIAS
177,33,SABAH,BEAUFORT,KUALA PENYU
178,34,SABAH,SIPITANG,LUMADAN
178,35,SABAH,SIPITANG,SINDUMIN
179,36,SABAH,RANAU,KUNDASANG
179,37,SABAH,RANAU,KARANAAN
179,38,SABAH,RANAU,PAGINATAN
180,39,SABAH,KENINGAU,TAMBUNAN
180,40,SABAH,KENINGAU,BINGKOR
180,41,SABAH,KENINGAU,LIAWAN
181,42,SABAH,TENOM,MELALAP
181,43,SABAH,TENOM,KEMABONG
182,44,SABAH,PENSIANGAN,TULID
182,45,SABAH,PENSIANGAN,SOOK
182,46,SABAH,PENSIANGAN,NABAWAN
183,47,SABAH,BELURAN,TELUPID
183,48,SABAH,BELURAN,SUGUT
183,49,SABAH,BELURAN,LABUK
184,50,SABAH,LIBARAN,GUM-GUM
184,51,SABAH,LIBARAN,SUNGAI MANILA
184,52,SABAH,LIBARAN,SUNGAI SIBUGA
185,53,SABAH,BATU SAPI,SEKONG
185,54,SABAH,BATU SAPI,KARAMUNTING
186,55,SABAH,SANDAKAN,ELOPURA
186,56,SABAH,SANDAKAN,TANJONG PAPAT
187,57,SABAH,KINABATANGAN,KUAMUT
187,58,SABAH,KINABATANGAN,LAMAG
187,59,SABAH,KINABATANGAN,SUKAU
188,60,SABAH,LAHAD DATU,TUNGKU
188,61,SABAH,LAHAD DATU,SEGAMA
188,62,SABAH,LAHAD DATU,SILAM
188,63,SABAH,LAHAD DATU,KUNAK
189,64,SABAH,SEMPORNA,SULABAYAN
189,65,SABAH,SEMPORNA,SENALLANG
189,66,SABAH,SEMPORNA,BUGAYA
190,67,SABAH,TAWAU,BALUNG
190,68,SABAH,TAWAU,APAS
190,69,SABAH,TAWAU,SRI TANJONG
191,70,SABAH,KALABAKAN,KUKUSAN
191,71,SABAH,KALABAKAN,TANJUNG BATU
191,72,SABAH,KALABAKAN,MEROTAI
191,73,SABAH,KALABAKAN,SEBATIK
192,1,SARAWAK,MAS GADING,OPAR
192,2,SARAWAK,MAS GADING,TASIK BIRU
193,3,SARAWAK,SANTUBONG,TANJONG DATU
193,4,SARAWAK,SANTUBONG,PANTAI DAMAI
193,5,SARAWAK,SANTUBONG,DEMAK LAUT
194,6,SARAWAK,PETRA JAYA,TUPONG
194,7,SARAWAK,PETRA JAYA,SAMARIANG
194,8,SARAWAK,PETRA JAYA,SATOK
195,9,SARAWAK,BANDAR KUCHING,PADUNGAN
195,10,SARAWAK,BANDAR KUCHING,PENDING
195,11,SARAWAK,BANDAR KUCHING,BATU LINTANG
196,12,SARAWAK,STAMPIN,KOTA SENTOSA
196,13,SARAWAK,STAMPIN,BATU KITANG
196,14,SARAWAK,STAMPIN,BATU KAWAH
197,15,SARAWAK,KOTA SAMARAHAN,ASAJAYA
197,16,SARAWAK,KOTA SAMARAHAN,MUARA TUANG
197,17,SARAWAK,KOTA SAMARAHAN,STAKAN
198,18,SARAWAK,PUNCAK BORNEO,SEREMBU
198,19,SARAWAK,PUNCAK BORNEO,MAMBONG
198,20,SARAWAK,PUNCAK BORNEO,TARAT
199,21,SARAWAK,SERIAN,TEBEDU
199,22,SARAWAK,SERIAN,KEDUP
199,23,SARAWAK,SERIAN,BUKIT SEMUJA
200,24,SARAWAK,BATANG SADONG,SADONG JAYA
200,25,SARAWAK,BATANG SADONG,SIMUNJAN
200,26,SARAWAK,BATANG SADONG,GEDONG
201,27,SARAWAK,BATANG LUPAR,SEBUYAU
201,28,SARAWAK,BATANG LUPAR,LINGGA
201,29,SARAWAK,BATANG LUPAR,BETING MARO
202,30,SARAWAK,SRI AMAN,BALAI RINGIN
202,31,SARAWAK,SRI AMAN,BUKIT BEGUNAN
202,32,SARAWAK,SRI AMAN,SIMANGGANG
203,33,SARAWAK,LUBOK ANTU,ENGKILILI
203,34,SARAWAK,LUBOK ANTU,BATANG AI
204,35,SARAWAK,BETONG,SARIBAS
204,36,SARAWAK,BETONG,LAYAR
204,37,SARAWAK,BETONG,BUKIT SABAN
205,38,SARAWAK,SARATOK,KALAKA
205,39,SARAWAK,SARATOK,KRIAN
205,40,SARAWAK,SARATOK,KABONG
206,41,SARAWAK,TANJONG MANIS,KUALA RAJANG
206,42,SARAWAK,TANJONG MANIS,SEMOP
207,43,SARAWAK,IGAN,DARO
207,44,SARAWAK,IGAN,JEMORENG
208,45,SARAWAK,SARIKEI,REPOK
208,46,SARAWAK,SARIKEI,MERADONG
209,47,SARAWAK,JULAU,PAKAN
209,48,SARAWAK,JULAU,MELUAN
210,49,SARAWAK,KANOWIT,NGEMAH
210,50,SARAWAK,KANOWIT,MACHAN
211,51,SARAWAK,LANANG,BUKIT ASSEK
211,52,SARAWAK,LANANG,DUDONG
212,53,SARAWAK,SIBU,BAWANG ASSAN
212,54,SARAWAK,SIBU,PELAWAN
212,55,SARAWAK,SIBU,NANGKA
213,56,SARAWAK,MUKAH,DALAT
213,57,SARAWAK,MUKAH,TELLIAN
213,58,SARAWAK,MUKAH,BALINGIAN
214,59,SARAWAK,SELANGAU,TAMIN
214,60,SARAWAK,SELANGAU,KAKUS
215,61,SARAWAK,KAPIT,PELAGUS
215,62,SARAWAK,KAPIT,KATIBAS
215,63,SARAWAK,KAPIT,BUKIT GORAM
216,64,SARAWAK,HULU RAJANG,BALEH
216,65,SARAWAK,HULU RAJANG,BELAGA
216,66,SARAWAK,HULU RAJANG,MURUM
217,67,SARAWAK,BINTULU,JEPAK
217,68,SARAWAK,BINTULU,TANJONG BATU
217,69,SARAWAK,BINTULU,KEMENA
217,70,SARAWAK,BINTULU,SAMALAJU
218,71,SARAWAK,SIBUTI,BEKENU
218,72,SARAWAK,SIBUTI,LAMBIR
219,73,SARAWAK,MIRI,PIASAU
219,74,SARAWAK,MIRI,PUJUT
219,75,SARAWAK,MIRI,SENADIN
220,76,SARAWAK,BARAM,MARUDI
220,77,SARAWAK,BARAM,TELANG USAN
220,78,SARAWAK,BARAM,MULU
221,79,SARAWAK,LIMBANG,BUKIT KOTA
221,80,SARAWAK,LIMBANG,BATU DANAU
222,81,SARAWAK,LAWAS,BA`KELALAN
222,82,SARAWAK,LAWAS,BUKIT SARI
